gameID,optimisationTechnique,objectiveFunction,score,computationTime
1,Greedy,ttc,7.0,304
1,Greedy,ttv,68.0,14666
1,Greedy,ttc,4.0,13278
1,Greedy,ttv,6.0,625
1,Greedy,ttc,0.0,716
1,Greedy,ttv,0.0,550
1,Greedy,ttc,0.0,583
1,Greedy,ttv,0.0,570
1,Greedy,ttc,0.0,1635
1,Greedy,ttv,5.0,7636
1,Greedy,ttc,0.0,28219
1,Greedy,ttv,0.0,7479
1,Greedy,ttc,0.0,28887
1,Greedy,ttv,0.0,8570
1,Greedy,ttc,1.0,50263
1,Greedy,ttv,0.0,1432
1,Greedy,ttc,0.0,1195
1,Greedy,ttv,36.0,60011
1,Greedy,ttc,0.0,2139
1,Greedy,ttv,0.0,1173
1,Greedy,ttc,0.0,1365
1,Greedy,ttv,0.0,1188
1,Greedy,ttc,3.0,2726
1,Greedy,ttv,16.0,3717
1,Greedy,ttc,0.0,4405
1,Greedy,ttv,0.0,3773
1,Greedy,ttc,0.0,4501
1,Greedy,ttv,0.0,3864
1,Greedy,ttc,3.0,8170
1,Greedy,ttv,12.0,506
1,Greedy,ttc,0.0,1
1,Greedy,ttv,6.0,3
1,Greedy,ttc,0.0,5
1,Greedy,ttv,0.0,3
1,Greedy,ttc,3.0,71
1,Greedy,ttv,6.0,2169
1,Greedy,ttc,0.0,2531
1,Greedy,ttv,0.0,2130
1,Greedy,ttc,0.0,2453
1,Greedy,ttv,4.0,30785
1,Greedy,ttc,0.0,60003
1,Greedy,ttv,0.0,30881
1,Greedy,ttc,0.0,60003
1,Greedy,ttv,10.0,60003
1,Greedy,ttc,2.0,60005
1,Greedy,ttv,0.0,32998
1,Greedy,ttc,0.0,60004
1,Greedy,ttv,8.0,60003
1,Greedy,ttc,0.0,60002
1,Greedy,ttv,0.0,60002
1,Greedy,ttc,1.0,60002
1,Greedy,ttv,12.0,60001
1,Greedy,ttc,0.0,60001
1,Greedy,ttv,0.0,60001
1,Greedy,ttc,0.0,60001
1,Greedy,ttv,0.0,60001
1,Greedy,ttc,2.0,60003
1,Greedy,ttv,10.0,60002
1,Greedy,ttc,1.0,60001
1,Greedy,ttv,11.0,60002
1,Greedy,ttc,2.0,60002
1,Greedy,ttv,11.0,60002
1,Greedy,ttc,0.0,60001
1,Greedy,ttv,0.0,60001
1,Greedy,ttc,0.0,60001
1,Greedy,ttv,20.0,60015
1,Greedy,ttc,2.0,60001
1,Greedy,ttv,0.0,6864
1,Greedy,ttc,0.0,8669
1,Greedy,ttv,3.0,60004
1,Greedy,ttc,3.0,60037
1,Greedy,ttv,12.0,551
2,Greedy,ttc,6.0,4
2,Greedy,ttcwscm,8.025,485
2,Greedy,ttc,2.0,1617
2,Greedy,ttcwscm,0.0,11
2,Greedy,ttc,0.0,17
2,Greedy,ttcwscm,0.0,12
2,Greedy,ttc,1.0,118
2,Greedy,ttcwscm,1.0499999999999998,370
2,Greedy,ttc,0.0,0
2,Greedy,ttcwscm,0.0,0
2,Greedy,ttc,3.0,1
2,Greedy,ttcwscm,0.0,0
2,Greedy,ttc,0.0,1
2,Greedy,ttcwscm,0.0,1
2,Greedy,ttc,0.0,0
2,Greedy,ttcwscm,0.0,1
2,Greedy,ttc,1.0,3
2,Greedy,ttcwscm,2.1499999999999995,3
2,Greedy,ttc,0.0,1
2,Greedy,ttcwscm,0.0,1
2,Greedy,ttc,0.0,0
2,Greedy,ttcwscm,0.0,0
2,Greedy,ttc,0.0,1
2,Greedy,ttcwscm,0.0,1
2,Greedy,ttc,0.0,1
2,Greedy,ttcwscm,0.0,0
2,Greedy,ttc,0.0,0
2,Greedy,ttcwscm,0.0,1
2,Greedy,ttc,1.0,2
2,Greedy,ttcwscm,2.1749999999999994,5
2,Greedy,ttc,0.0,1
2,Greedy,ttcwscm,0.0,1
2,Greedy,ttc,0.0,0
2,Greedy,ttcwscm,0.0,0
2,Greedy,ttc,3.0,5
2,Greedy,ttcwscm,6.225000000000003,8
2,Greedy,ttc,1.0,2
2,Greedy,ttcwscm,0.0,2
2,Greedy,ttc,0.0,1
2,Greedy,ttcwscm,1.274999999999999,132
2,Greedy,ttc,3.0,60023
2,Greedy,ttcwscm,3.299999999999999,60020
2,Greedy,ttc,0.0,84
2,Greedy,ttcwscm,0.0,76
2,Greedy,ttc,2.0,109
2,Greedy,ttcwscm,0.0,2
2,Greedy,ttc,0.0,3
2,Greedy,ttcwscm,1.349999999999999,89
2,Greedy,ttc,0.0,37
2,Greedy,ttcwscm,0.0,84
2,Greedy,ttc,3.0,3790
2,Greedy,ttcwscm,3.3999999999999986,185
2,Greedy,ttc,0.0,45
2,Greedy,ttcwscm,0.0,126
2,Greedy,ttc,0.0,46
2,Greedy,ttcwscm,0.0,146
2,Greedy,ttc,0.0,28
2,Greedy,ttcwscm,2.3999999999999986,826
2,Greedy,ttc,2.0,3
2,Greedy,ttcwscm,1.4499999999999986,8
2,Greedy,ttc,0.0,12
2,Greedy,ttcwscm,0.0,7
2,Greedy,ttc,0.0,12
2,Greedy,ttcwscm,1.4499999999999986,114
2,Greedy,ttc,1.0,7677
2,Greedy,ttcwscm,0.0,3518
2,Greedy,ttc,0.0,7718
2,Greedy,ttcwscm,2.4499999999999984,11689
2,Greedy,ttc,3.0,60064
2,Greedy,ttcwscm,0.0,441
2,Greedy,ttc,0.0,1356
2,Greedy,ttcwscm,0.0,537
2,Greedy,ttc,1.0,10989
2,Greedy,ttcwscm,1.4999999999999984,60010
2,Greedy,ttc,0.0,60003
2,Greedy,ttcwscm,0.0,60003
2,Greedy,ttc,0.0,60002
2,Greedy,ttcwscm,1.4999999999999984,60004
2,Greedy,ttc,0.0,60001
2,Greedy,ttcwscm,0.0,60002
2,Greedy,ttc,1.0,60003
2,Greedy,ttcwscm,1.5499999999999983,5
2,Greedy,ttc,2.0,8
2,Greedy,ttcwscm,0.0,1
2,Greedy,ttc,0.0,0
2,Greedy,ttcwscm,3.574999999999998,3
2,Greedy,ttc,3.0,60284
2,Greedy,ttcwscm,0.0,0
2,Greedy,ttc,0.0,0
2,Greedy,ttcwscm,1.624999999999998,2
2,Greedy,ttc,1.0,4299
2,Greedy,ttcwscm,0.0,2002
2,Greedy,ttc,0.0,4317
2,Greedy,ttcwscm,2.4249999999999985,60030
3,Greedy,ttc,3.0,2
3,Greedy,ttvwscm,57.0,446
3,Greedy,ttc,4.0,161
3,Greedy,ttvwscm,0.0,72
3,Greedy,ttc,0.0,30
3,Greedy,ttvwscm,0.0,71
3,Greedy,ttc,2.0,36
3,Greedy,ttvwscm,14.100000000000001,10
3,Greedy,ttc,0.0,3
3,Greedy,ttvwscm,0.0,5
3,Greedy,ttc,0.0,2
3,Greedy,ttvwscm,14.100000000000001,59
3,Greedy,ttc,0.0,34
3,Greedy,ttvwscm,0.0,76
3,Greedy,ttc,2.0,40
3,Greedy,ttvwscm,0.0,4
3,Greedy,ttc,0.0,3
3,Greedy,ttvwscm,0.0,4
3,Greedy,ttc,4.0,18
3,Greedy,ttvwscm,12.150000000000002,333
3,Greedy,ttc,0.0,2
3,Greedy,ttvwscm,0.0,2
3,Greedy,ttc,0.0,2
3,Greedy,ttvwscm,18.17499999999999,3
3,Greedy,ttc,0.0,1
3,Greedy,ttvwscm,0.0,0
3,Greedy,ttc,1.0,3
3,Greedy,ttvwscm,0.0,2
3,Greedy,ttc,0.0,2
3,Greedy,ttvwscm,0.0,2
3,Greedy,ttc,0.0,1
3,Greedy,ttvwscm,0.0,2
3,Greedy,ttc,1.0,21
3,Greedy,ttvwscm,0.0,31
3,Greedy,ttc,0.0,21
3,Greedy,ttvwscm,3.224999999999999,54
3,Greedy,ttc,0.0,26
3,Greedy,ttvwscm,0.0,32
3,Greedy,ttc,3.0,60025
3,Greedy,ttvwscm,38.249999999999986,60046
3,Greedy,ttc,3.0,60024
3,Greedy,ttvwscm,14.300000000000004,15
3,Greedy,ttc,0.0,1
3,Greedy,ttvwscm,0.0,2
3,Greedy,ttc,0.0,2
3,Greedy,ttvwscm,18.34999999999998,4
3,Greedy,ttc,0.0,2
3,Greedy,ttvwscm,0.0,12
3,Greedy,ttc,0.0,3
3,Greedy,ttvwscm,6.350000000000005,17
3,Greedy,ttc,2.0,714
3,Greedy,ttvwscm,0.0,3
3,Greedy,ttc,0.0,5
3,Greedy,ttvwscm,8.375000000000005,387
3,Greedy,ttc,2.0,60028
3,Greedy,ttvwscm,0.0,2
3,Greedy,ttc,0.0,2
3,Greedy,ttvwscm,9.400000000000006,174
3,Greedy,ttc,1.0,1952
3,Greedy,ttvwscm,0.0,217
3,Greedy,ttc,0.0,1806
3,Greedy,ttvwscm,12.375000000000005,60057
3,Greedy,ttc,3.0,60025
3,Greedy,ttvwscm,6.425000000000006,60001
3,Greedy,ttc,0.0,60002
3,Greedy,ttvwscm,0.0,60002
3,Greedy,ttc,1.0,60002
3,Greedy,ttvwscm,0.0,60001
3,Greedy,ttc,0.0,60002
3,Greedy,ttvwscm,0.0,60001
3,Greedy,ttc,2.0,60005
3,Greedy,ttvwscm,22.34999999999998,60018
3,Greedy,ttc,0.0,2613
3,Greedy,ttvwscm,1.4999999999999982,4475
3,Greedy,ttc,1.0,60010
3,Greedy,ttvwscm,13.475000000000007,60002
3,Greedy,ttc,0.0,109
3,Greedy,ttvwscm,0.0,27
3,Greedy,ttc,0.0,117
3,Greedy,ttvwscm,0.0,46
3,Greedy,ttc,2.0,866
3,Greedy,ttvwscm,7.550000000000008,209
3,Greedy,ttc,0.0,622
3,Greedy,ttvwscm,0.0,200
3,Greedy,ttc,1.0,3246
3,Greedy,ttvwscm,25.52499999999997,60009
3,Greedy,ttc,1.0,1566
4,Greedy,ttv,27.0,1
4,Greedy,ttcwscm,8.0,52
4,Greedy,ttv,23.0,812
4,Greedy,ttcwscm,2.0749999999999997,530
4,Greedy,ttv,0.0,10
4,Greedy,ttcwscm,0.0,4
4,Greedy,ttv,25.0,27
4,Greedy,ttcwscm,0.0,0
4,Greedy,ttv,0.0,0
4,Greedy,ttcwscm,0.0,1
4,Greedy,ttv,0.0,1
4,Greedy,ttcwscm,0.0,1
4,Greedy,ttv,0.0,0
4,Greedy,ttcwscm,0.0,0
4,Greedy,ttv,0.0,0
4,Greedy,ttcwscm,0.0,1
4,Greedy,ttv,36.0,1
4,Greedy,ttcwscm,0.0,0
4,Greedy,ttv,0.0,0
4,Greedy,ttcwscm,1.1499999999999995,3
4,Greedy,ttv,73.0,59950
4,Greedy,ttcwscm,2.1499999999999995,32
4,Greedy,ttv,0.0,3
4,Greedy,ttcwscm,0.0,4
4,Greedy,ttv,32.0,14203
4,Greedy,ttcwscm,4.150000000000002,423
4,Greedy,ttv,15.0,5745
4,Greedy,ttcwscm,0.0,1485
4,Greedy,ttv,0.0,3125
4,Greedy,ttcwscm,2.0999999999999996,15775
4,Greedy,ttv,46.0,60042
4,Greedy,ttcwscm,3.249999999999999,46244
4,Greedy,ttv,0.0,1
4,Greedy,ttcwscm,0.0,0
4,Greedy,ttv,0.0,0
4,Greedy,ttcwscm,0.0,1
4,Greedy,ttv,0.0,1
4,Greedy,ttcwscm,1.3249999999999988,19
4,Greedy,ttv,14.0,5235
4,Greedy,ttcwscm,0.0,2166
4,Greedy,ttv,0.0,5317
4,Greedy,ttcwscm,0.0,2535
4,Greedy,ttv,0.0,5727
4,Greedy,ttcwscm,1.3249999999999988,22552
4,Greedy,ttv,17.0,60005
4,Greedy,ttcwscm,0.0,400
4,Greedy,ttv,0.0,1176
4,Greedy,ttcwscm,0.0,423
4,Greedy,ttv,10.0,8434
4,Greedy,ttcwscm,4.350000000000005,1014
4,Greedy,ttv,25.0,52850
4,Greedy,ttcwscm,0.0,0
4,Greedy,ttv,0.0,0
4,Greedy,ttcwscm,1.4249999999999985,27
4,Greedy,ttv,16.0,1722
4,Greedy,ttcwscm,1.4249999999999985,91
5,Greedy,ttv,54.0,10
5,Greedy,ttvwscm,6.025,2
5,Greedy,ttv,0.0,1
5,Greedy,ttvwscm,0.0,1
5,Greedy,ttv,0.0,1
5,Greedy,ttvwscm,24.049999999999997,1
5,Greedy,ttv,0.0,1
5,Greedy,ttvwscm,0.0,1
5,Greedy,ttv,0.0,1
5,Greedy,ttvwscm,0.0,1
5,Greedy,ttv,0.0,1
5,Greedy,ttvwscm,0.0,0
5,Greedy,ttv,33.0,1
5,Greedy,ttvwscm,0.0,1
5,Greedy,ttv,0.0,1
5,Greedy,ttvwscm,0.0,1
5,Greedy,ttv,0.0,1
5,Greedy,ttvwscm,9.100000000000001,2
5,Greedy,ttv,3.0,4
5,Greedy,ttvwscm,3.0999999999999996,4
5,Greedy,ttv,0.0,1
5,Greedy,ttvwscm,0.0,1
5,Greedy,ttv,3.0,2
5,Greedy,ttvwscm,1.1499999999999995,3
5,Greedy,ttv,0.0,3
5,Greedy,ttvwscm,0.0,14
5,Greedy,ttv,15.0,5
5,Greedy,ttvwscm,18.19999999999999,5
5,Greedy,ttv,29.0,157
5,Greedy,ttvwscm,0.0,14
5,Greedy,ttv,0.0,2
5,Greedy,ttvwscm,0.0,5
5,Greedy,ttv,0.0,3
5,Greedy,ttvwscm,0.0,2
5,Greedy,ttv,0.0,2
5,Greedy,ttvwscm,0.0,3
5,Greedy,ttv,10.0,19
5,Greedy,ttvwscm,27.249999999999986,59
5,Greedy,ttv,9.0,975
5,Greedy,ttvwscm,0.0,782
5,Greedy,ttv,0.0,780
5,Greedy,ttvwscm,12.275000000000004,8021
5,Greedy,ttv,0.0,1943
5,Greedy,ttvwscm,0.0,729
5,Greedy,ttv,0.0,1968
5,Greedy,ttvwscm,0.0,747
5,Greedy,ttv,31.0,2263
5,Greedy,ttvwscm,20.299999999999983,34
5,Greedy,ttv,10.0,20
5,Greedy,ttvwscm,0.0,24
5,Greedy,ttv,0.0,26
5,Greedy,ttvwscm,6.325000000000005,1043
5,Greedy,ttv,49.0,60040
5,Greedy,ttvwscm,42.34999999999998,60057
5,Greedy,ttv,24.0,60146
5,Greedy,ttvwscm,0.0,2
5,Greedy,ttv,0.0,1
5,Greedy,ttvwscm,37.449999999999974,60058
5,Greedy,ttv,7.0,24
5,Greedy,ttvwscm,0.0,41
5,Greedy,ttv,0.0,33
5,Greedy,ttvwscm,12.450000000000006,2621
5,Greedy,ttv,14.0,4120
5,Greedy,ttvwscm,0.0,255
5,Greedy,ttv,0.0,274
5,Greedy,ttvwscm,12.475000000000007,60015
5,Greedy,ttv,17.0,60003
5,Greedy,ttvwscm,0.0,0
5,Greedy,ttv,0.0,0
5,Greedy,ttvwscm,0.0,1
5,Greedy,ttv,8.0,84
5,Greedy,ttvwscm,23.474999999999973,60027
6,Greedy,ttcwscm,6.0,4
6,Greedy,ttvwscm,24.049999999999997,1
6,Greedy,ttcwscm,0.0,1
6,Greedy,ttvwscm,0.0,10
6,Greedy,ttcwscm,0.0,1
6,Greedy,ttvwscm,0.0,0
6,Greedy,ttcwscm,0.0,0
6,Greedy,ttvwscm,0.0,1
6,Greedy,ttcwscm,0.0,1
6,Greedy,ttvwscm,15.075000000000001,1
6,Greedy,ttcwscm,2.05,23
6,Greedy,ttvwscm,6.075000000000001,160
6,Greedy,ttcwscm,0.0,6
6,Greedy,ttvwscm,0.0,5
6,Greedy,ttcwscm,0.0,5
6,Greedy,ttvwscm,5.100000000000001,43
6,Greedy,ttcwscm,2.0999999999999996,61
6,Greedy,ttvwscm,0.0,5
6,Greedy,ttcwscm,0.0,6
6,Greedy,ttvwscm,0.0,6
6,Greedy,ttcwscm,3.1499999999999995,10
6,Greedy,ttvwscm,1.1499999999999995,39
6,Greedy,ttcwscm,0.0,48
6,Greedy,ttvwscm,0.0,43
6,Greedy,ttcwscm,2.1499999999999995,41
6,Greedy,ttvwscm,47.17499999999999,1676
6,Greedy,ttcwscm,0.0,124
6,Greedy,ttvwscm,0.0,150
6,Greedy,ttcwscm,3.224999999999999,60015
6,Greedy,ttvwscm,7.225000000000003,2296
6,Greedy,ttcwscm,0.0,2241
6,Greedy,ttvwscm,0.0,2275
6,Greedy,ttcwscm,1.2249999999999992,28566
6,Greedy,ttvwscm,11.200000000000003,60003
6,Greedy,ttcwscm,0.0,399
6,Greedy,ttvwscm,0.0,422
6,Greedy,ttcwscm,0.0,396
6,Greedy,ttvwscm,2.224999999999999,424
6,Greedy,ttcwscm,0.0,10
6,Greedy,ttvwscm,0.0,9
6,Greedy,ttcwscm,3.299999999999999,60023
6,Greedy,ttvwscm,0.0,10
6,Greedy,ttcwscm,0.0,10
6,Greedy,ttvwscm,11.300000000000004,563
6,Greedy,ttcwscm,0.0,1342
6,Greedy,ttvwscm,0.0,561
6,Greedy,ttcwscm,1.299999999999999,60005
6,Greedy,ttvwscm,36.274999999999984,60005
6,Greedy,ttcwscm,2.299999999999999,60017
6,Greedy,ttvwscm,0.0,380
6,Greedy,ttcwscm,0.0,1106
6,Greedy,ttvwscm,26.32499999999998,60144
6,Greedy,ttcwscm,3.324999999999999,60047
6,Greedy,ttvwscm,0.0,25
6,Greedy,ttcwscm,0.0,23
6,Greedy,ttvwscm,0.0,33
6,Greedy,ttcwscm,0.0,24
6,Greedy,ttvwscm,35.39999999999998,60028
6,Greedy,ttcwscm,1.4249999999999985,130
6,Greedy,ttvwscm,0.0,119
6,Greedy,ttcwscm,0.0,149
6,Greedy,ttvwscm,0.0,141
6,Greedy,ttcwscm,1.4249999999999985,4981
6,Greedy,ttvwscm,8.425000000000006,19533
6,Greedy,ttcwscm,0.0,9393
6,Greedy,ttvwscm,0.0,19247
6,Greedy,ttcwscm,0.0,15967
6,Greedy,ttvwscm,6.425000000000006,60042
6,Greedy,ttcwscm,3.3749999999999987,60018
6,Greedy,ttvwscm,0.0,592
6,Greedy,ttcwscm,0.0,554
6,Greedy,ttvwscm,0.0,589
6,Greedy,ttcwscm,1.4749999999999983,6169
6,Greedy,ttvwscm,8.500000000000007,799
6,Greedy,ttcwscm,0.0,135
6,Greedy,ttvwscm,0.0,516
6,Greedy,ttcwscm,1.4999999999999982,1703
6,Greedy,ttvwscm,25.49999999999997,60013
6,Greedy,ttcwscm,0.0,130
6,Greedy,ttvwscm,0.0,490
6,Greedy,ttcwscm,1.5249999999999981,5598
6,Greedy,ttvwscm,7.500000000000007,18494
6,Greedy,ttcwscm,0.0,19
6,Greedy,ttvwscm,0.0,19
6,Greedy,ttcwscm,1.549999999999998,1915
6,Greedy,ttvwscm,23.49999999999997,60030
6,Greedy,ttcwscm,0.0,60003
6,Greedy,ttvwscm,20.524999999999974,60004
6,Greedy,ttcwscm,1.5249999999999984,25
6,Greedy,ttvwscm,0.0,0
6,Greedy,ttcwscm,0.0,0
6,Greedy,ttvwscm,0.0,0
6,Greedy,ttcwscm,1.5999999999999979,196
6,Greedy,ttvwscm,14.550000000000008,60308
6,Greedy,ttcwscm,0.0,0
6,Greedy,ttvwscm,0.0,0
6,Greedy,ttcwscm,1.624999999999998,21
6,Greedy,ttvwscm,6.625000000000008,2972
6,Greedy,ttcwscm,2.4999999999999982,60029
7,Greedy,ttc,0.0,1
7,AlphaBeta,ttc,4.0,7523
7,Greedy,ttc,1.0,10
7,AlphaBeta,ttc,5.0,60565
7,Greedy,ttc,3.0,4078
7,AlphaBeta,ttc,0.0,2
7,Greedy,ttc,0.0,5
7,AlphaBeta,ttc,0.0,3
7,Greedy,ttc,0.0,6
7,AlphaBeta,ttc,0.0,2
7,Greedy,ttc,0.0,5
7,AlphaBeta,ttc,0.0,5
7,Greedy,ttc,3.0,11
7,AlphaBeta,ttc,1.0,328
7,Greedy,ttc,0.0,60
7,AlphaBeta,ttc,0.0,59
7,Greedy,ttc,0.0,61
7,AlphaBeta,ttc,4.0,7644
7,Greedy,ttc,1.0,1793
7,AlphaBeta,ttc,0.0,2
7,Greedy,ttc,0.0,6
7,AlphaBeta,ttc,0.0,2
7,Greedy,ttc,0.0,2
7,AlphaBeta,ttc,0.0,2
7,Greedy,ttc,0.0,2
7,AlphaBeta,ttc,1.0,1515
7,Greedy,ttc,2.0,63
7,AlphaBeta,ttc,1.0,4007
7,Greedy,ttc,0.0,304
7,AlphaBeta,ttc,0.0,194
7,Greedy,ttc,0.0,323
7,AlphaBeta,ttc,0.0,197
7,Greedy,ttc,2.0,7540
7,AlphaBeta,ttc,3.0,2894
7,Greedy,ttc,1.0,222
7,AlphaBeta,ttc,0.0,202
7,Greedy,ttc,0.0,284
7,AlphaBeta,ttc,0.0,453
7,Greedy,ttc,0.0,237
7,AlphaBeta,ttc,0.0,478
7,Greedy,ttc,2.0,12019
7,AlphaBeta,ttc,3.0,60042
7,Greedy,ttc,4.0,60050
7,AlphaBeta,ttc,2.0,60323
7,Greedy,ttc,0.0,17714
7,AlphaBeta,ttc,0.0,1000
7,Greedy,ttc,0.0,17432
7,AlphaBeta,ttc,0.0,1000
7,Greedy,ttc,2.0,60005
7,AlphaBeta,ttc,0.0,1000
7,Greedy,ttc,0.0,2485
7,AlphaBeta,ttc,0.0,1000
7,Greedy,ttc,2.0,2859
7,AlphaBeta,ttc,0.0,420
7,Greedy,ttc,0.0,52
7,AlphaBeta,ttc,1.0,60097
7,Greedy,ttc,1.0,2
7,AlphaBeta,ttc,0.0,2
7,Greedy,ttc,0.0,1
7,AlphaBeta,ttc,0.0,1
7,Greedy,ttc,1.0,11
7,AlphaBeta,ttc,1.0,893
7,Greedy,ttc,0.0,568
7,AlphaBeta,ttc,0.0,454
7,Greedy,ttc,0.0,574
7,AlphaBeta,ttc,0.0,468
7,Greedy,ttc,3.0,60037
7,AlphaBeta,ttc,2.0,44888
7,Greedy,ttc,1.0,941
7,AlphaBeta,ttc,2.0,1099
7,Greedy,ttc,0.0,12
7,AlphaBeta,ttc,0.0,12
7,Greedy,ttc,2.0,5936
7,AlphaBeta,ttc,1.0,1032
7,Greedy,ttc,0.0,120
7,AlphaBeta,ttc,0.0,145
7,Greedy,ttc,2.0,23847
7,AlphaBeta,ttc,5.0,60844
7,Greedy,ttc,0.0,19510
7,AlphaBeta,ttc,0.0,1003
7,Greedy,ttc,2.0,60024
7,AlphaBeta,ttc,2.0,60031
7,Greedy,ttc,0.0,2
7,AlphaBeta,ttc,0.0,2
7,Greedy,ttc,1.0,5536
7,AlphaBeta,ttc,0.0,1000
7,Greedy,ttc,0.0,5518
7,AlphaBeta,ttc,0.0,1000
7,Greedy,ttc,1.0,60031
7,AlphaBeta,ttc,0.0,1000
7,Greedy,ttc,0.0,60004
7,AlphaBeta,ttc,1.0,60041
7,Greedy,ttc,2.0,60005
7,AlphaBeta,ttc,1.0,1040
7,Greedy,ttc,0.0,3
7,AlphaBeta,ttc,0.0,6
7,Greedy,ttc,0.0,5
7,AlphaBeta,ttc,0.0,11
7,Greedy,ttc,1.0,373
7,AlphaBeta,ttc,3.0,60023
7,Greedy,ttc,2.0,60030
8,Greedy,ttc,0.0,1
8,AlphaBeta,ttv,0.0,1
8,Greedy,ttc,3.0,1
8,AlphaBeta,ttv,9.0,12
8,Greedy,ttc,0.0,0
8,AlphaBeta,ttv,0.0,0
8,Greedy,ttc,3.0,112
8,AlphaBeta,ttv,14.0,2808
8,Greedy,ttc,2.0,5
8,AlphaBeta,ttv,0.0,6
8,Greedy,ttc,0.0,6
8,AlphaBeta,ttv,0.0,6
8,Greedy,ttc,0.0,6
8,AlphaBeta,ttv,0.0,6
8,Greedy,ttc,0.0,6
8,AlphaBeta,ttv,0.0,7
8,Greedy,ttc,0.0,6
8,AlphaBeta,ttv,33.0,413
8,Greedy,ttc,3.0,55
8,AlphaBeta,ttv,0.0,6
8,Greedy,ttc,0.0,6
8,AlphaBeta,ttv,0.0,6
8,Greedy,ttc,2.0,272
8,AlphaBeta,ttv,14.0,8821
8,Greedy,ttc,0.0,994
8,AlphaBeta,ttv,0.0,334
8,Greedy,ttc,0.0,1015
8,AlphaBeta,ttv,7.0,16000
8,Greedy,ttc,0.0,5262
8,AlphaBeta,ttv,0.0,1000
8,Greedy,ttc,3.0,10657
8,AlphaBeta,ttv,0.0,1000
8,Greedy,ttc,0.0,5086
8,AlphaBeta,ttv,10.0,2435
8,Greedy,ttc,0.0,148
8,AlphaBeta,ttv,0.0,75
8,Greedy,ttc,3.0,2515
8,AlphaBeta,ttv,8.0,60243
8,Greedy,ttc,2.0,1877
8,AlphaBeta,ttv,15.0,42509
8,Greedy,ttc,0.0,0
8,AlphaBeta,ttv,2.0,15209
8,Greedy,ttc,3.0,156
8,AlphaBeta,ttv,0.0,2
8,Greedy,ttc,0.0,1
8,AlphaBeta,ttv,49.0,219
8,Greedy,ttc,0.0,2
8,AlphaBeta,ttv,0.0,2
8,Greedy,ttc,0.0,2
8,AlphaBeta,ttv,0.0,2
8,Greedy,ttc,0.0,2
8,AlphaBeta,ttv,0.0,2
8,Greedy,ttc,3.0,3856
8,AlphaBeta,ttv,35.0,60830
8,Greedy,ttc,1.0,2
8,AlphaBeta,ttv,15.0,60029
8,Greedy,ttc,1.0,178
8,AlphaBeta,ttv,5.0,3
8,Greedy,ttc,0.0,1
8,AlphaBeta,ttv,0.0,2
8,Greedy,ttc,0.0,1
8,AlphaBeta,ttv,0.0,2
8,Greedy,ttc,0.0,1
8,AlphaBeta,ttv,0.0,2
8,Greedy,ttc,0.0,1
8,AlphaBeta,ttv,6.0,60315
8,Greedy,ttc,1.0,14
8,AlphaBeta,ttv,10.0,15155
8,Greedy,ttc,0.0,44
8,AlphaBeta,ttv,4.0,4388
8,Greedy,ttc,0.0,0
8,AlphaBeta,ttv,0.0,0
8,Greedy,ttc,3.0,1
8,AlphaBeta,ttv,37.0,528
8,Greedy,ttc,0.0,41
8,AlphaBeta,ttv,0.0,105
8,Greedy,ttc,0.0,150
8,AlphaBeta,ttv,14.0,35294
8,Greedy,ttc,1.0,27177
8,AlphaBeta,ttv,0.0,26
8,Greedy,ttc,0.0,12
8,AlphaBeta,ttv,11.0,60031
8,Greedy,ttc,3.0,60024
8,AlphaBeta,ttv,23.0,1088
8,Greedy,ttc,0.0,5
8,AlphaBeta,ttv,0.0,5
8,Greedy,ttc,2.0,124
8,AlphaBeta,ttv,11.0,7075
8,Greedy,ttc,1.0,225
8,AlphaBeta,ttv,0.0,164
8,Greedy,ttc,0.0,305
8,AlphaBeta,ttv,23.0,60162
8,Greedy,ttc,2.0,60034
9,Greedy,ttc,6.0,22
9,AlphaBeta,ttcwscm,0.0,1
9,Greedy,ttc,0.0,1
9,AlphaBeta,ttcwscm,0.0,1
9,Greedy,ttc,0.0,1
9,AlphaBeta,ttcwscm,4.050000000000001,60833
9,Greedy,ttc,3.0,231
9,AlphaBeta,ttcwscm,4.075000000000001,60746
9,Greedy,ttc,3.0,6649
9,AlphaBeta,ttcwscm,2.0999999999999996,60622
9,Greedy,ttc,1.0,441
9,AlphaBeta,ttcwscm,2.1499999999999995,1005
9,Greedy,ttc,0.0,2
9,AlphaBeta,ttcwscm,0.0,2
9,Greedy,ttc,0.0,2
9,AlphaBeta,ttcwscm,1.1749999999999994,639
9,Greedy,ttc,0.0,135
9,AlphaBeta,ttcwscm,0.0,48
9,Greedy,ttc,3.0,60020
9,AlphaBeta,ttcwscm,2.1999999999999993,87
9,Greedy,ttc,0.0,3
9,AlphaBeta,ttcwscm,0.0,3
9,Greedy,ttc,0.0,3
9,AlphaBeta,ttcwscm,1.2249999999999992,220
9,Greedy,ttc,0.0,50
9,AlphaBeta,ttcwscm,0.0,49
9,Greedy,ttc,2.0,60017
9,AlphaBeta,ttcwscm,1.1999999999999993,24
9,Greedy,ttc,0.0,23
9,AlphaBeta,ttcwscm,0.0,13
9,Greedy,ttc,1.0,121
9,AlphaBeta,ttcwscm,2.1999999999999993,12096
9,Greedy,ttc,0.0,9
9,AlphaBeta,ttcwscm,0.0,7
9,Greedy,ttc,1.0,153
9,AlphaBeta,ttcwscm,0.0,168
9,Greedy,ttc,0.0,151
9,AlphaBeta,ttcwscm,0.0,182
9,Greedy,ttc,0.0,154
9,AlphaBeta,ttcwscm,1.274999999999999,467
9,Greedy,ttc,0.0,3
9,AlphaBeta,ttcwscm,0.0,2
9,Greedy,ttc,1.0,53
9,AlphaBeta,ttcwscm,2.274999999999999,60425
9,Greedy,ttc,1.0,60005
9,AlphaBeta,ttcwscm,2.299999999999999,52159
9,Greedy,ttc,0.0,4
9,AlphaBeta,ttcwscm,0.0,1
9,Greedy,ttc,0.0,4
9,AlphaBeta,ttcwscm,1.3499999999999988,60100
9,Greedy,ttc,2.0,10564
9,AlphaBeta,ttcwscm,0.0,2
9,Greedy,ttc,0.0,3
9,AlphaBeta,ttcwscm,0.0,2
9,Greedy,ttc,3.0,60095
9,AlphaBeta,ttcwscm,3.3749999999999987,60169
10,Greedy,ttc,6.0,4
10,AlphaBeta,ttvwscm,77.05000000000001,1472
10,Greedy,ttc,0.0,1
10,AlphaBeta,ttvwscm,0.0,0
10,Greedy,ttc,0.0,1
10,AlphaBeta,ttvwscm,6.100000000000001,2
10,Greedy,ttc,0.0,1
10,AlphaBeta,ttvwscm,0.0,1
10,Greedy,ttc,0.0,1
10,AlphaBeta,ttvwscm,4.100000000000001,5
10,Greedy,ttc,0.0,2
10,AlphaBeta,ttvwscm,0.0,2
10,Greedy,ttc,0.0,2
10,AlphaBeta,ttvwscm,0.0,2
10,Greedy,ttc,4.0,7731
10,AlphaBeta,ttvwscm,17.124999999999993,60210
10,Greedy,ttc,0.0,81
10,AlphaBeta,ttvwscm,0.0,10
10,Greedy,ttc,0.0,93
10,AlphaBeta,ttvwscm,0.0,11
10,Greedy,ttc,4.0,9202
10,AlphaBeta,ttvwscm,0.0,135
10,Greedy,ttc,0.0,1026
10,AlphaBeta,ttvwscm,0.0,114
10,Greedy,ttc,3.0,1376
10,AlphaBeta,ttvwscm,29.19999999999999,10558
10,Greedy,ttc,0.0,372
10,AlphaBeta,ttvwscm,2.224999999999999,7329
10,Greedy,ttc,2.0,13150
10,AlphaBeta,ttvwscm,0.0,386
10,Greedy,ttc,0.0,1203
10,AlphaBeta,ttvwscm,0.0,373
10,Greedy,ttc,0.0,1253
10,AlphaBeta,ttvwscm,7.2500000000000036,2000
10,Greedy,ttc,0.0,35807
10,AlphaBeta,ttvwscm,0.0,1000
10,Greedy,ttc,4.0,60036
10,AlphaBeta,ttvwscm,2.274999999999999,83
10,Greedy,ttc,0.0,0
10,AlphaBeta,ttvwscm,0.0,1
10,Greedy,ttc,0.0,0
10,AlphaBeta,ttvwscm,0.0,1
10,Greedy,ttc,3.0,18989
10,AlphaBeta,ttvwscm,41.29999999999998,23023
10,Greedy,ttc,0.0,0
10,AlphaBeta,ttvwscm,0.0,1
10,Greedy,ttc,1.0,2
10,AlphaBeta,ttvwscm,4.375000000000005,4674
10,Greedy,ttc,0.0,595
10,AlphaBeta,ttvwscm,0.0,254
10,Greedy,ttc,0.0,670
10,AlphaBeta,ttvwscm,1.3749999999999987,41118
10,Greedy,ttc,1.0,20982
10,AlphaBeta,ttvwscm,0.0,1000
10,Greedy,ttc,0.0,21483
10,AlphaBeta,ttvwscm,1.3249999999999988,19211
10,Greedy,ttc,1.0,99
10,AlphaBeta,ttvwscm,0.0,1
10,Greedy,ttc,0.0,0
10,AlphaBeta,ttvwscm,0.0,1
10,Greedy,ttc,0.0,0
10,AlphaBeta,ttvwscm,0.0,1
10,Greedy,ttc,2.0,609
10,AlphaBeta,ttvwscm,11.375000000000005,509
10,Greedy,ttc,0.0,4
10,AlphaBeta,ttvwscm,0.0,4
10,Greedy,ttc,2.0,1268
10,AlphaBeta,ttvwscm,0.0,0
10,Greedy,ttc,0.0,0
10,AlphaBeta,ttvwscm,36.49999999999997,18
10,Greedy,ttc,1.0,3
10,AlphaBeta,ttvwscm,0.0,4
10,Greedy,ttc,0.0,3
10,AlphaBeta,ttvwscm,4.500000000000007,60139
10,Greedy,ttc,3.0,60046
10,AlphaBeta,ttvwscm,0.0,527
10,Greedy,ttc,0.0,993
10,AlphaBeta,ttvwscm,6.475000000000007,2357
10,Greedy,ttc,1.0,7
10,AlphaBeta,ttvwscm,49.54999999999997,47
10,Greedy,ttc,0.0,0
10,AlphaBeta,ttvwscm,0.0,1
10,Greedy,ttc,1.0,0
10,AlphaBeta,ttvwscm,6.575000000000008,16
10,Greedy,ttc,0.0,6
10,AlphaBeta,ttvwscm,0.0,10
10,Greedy,ttc,1.0,640
10,AlphaBeta,ttvwscm,7.575000000000008,27156
10,Greedy,ttc,1.0,60005
11,Greedy,ttv,60.0,4
11,AlphaBeta,ttv,31.0,214
11,Greedy,ttv,0.0,18
11,AlphaBeta,ttv,0.0,3
11,Greedy,ttv,0.0,7
11,AlphaBeta,ttv,0.0,2
11,Greedy,ttv,0.0,5
11,AlphaBeta,ttv,0.0,3
11,Greedy,ttv,34.0,10
11,AlphaBeta,ttv,15.0,184
11,Greedy,ttv,0.0,53
11,AlphaBeta,ttv,0.0,38
11,Greedy,ttv,18.0,246
11,AlphaBeta,ttv,23.0,2841
11,Greedy,ttv,0.0,37
11,AlphaBeta,ttv,0.0,34
11,Greedy,ttv,0.0,38
11,AlphaBeta,ttv,32.0,433
11,Greedy,ttv,13.0,12
11,AlphaBeta,ttv,0.0,33
11,Greedy,ttv,0.0,15
11,AlphaBeta,ttv,0.0,36
11,Greedy,ttv,13.0,659
11,AlphaBeta,ttv,22.0,23813
11,Greedy,ttv,0.0,685
11,AlphaBeta,ttv,13.0,2000
11,Greedy,ttv,0.0,7614
11,AlphaBeta,ttv,0.0,1000
11,Greedy,ttv,0.0,7768
11,AlphaBeta,ttv,0.0,1000
11,Greedy,ttv,7.0,27890
11,AlphaBeta,ttv,30.0,60385
11,Greedy,ttv,10.0,5175
11,AlphaBeta,ttv,19.0,20064
11,Greedy,ttv,0.0,1606
11,AlphaBeta,ttv,13.0,2000
11,Greedy,ttv,0.0,14288
11,AlphaBeta,ttv,0.0,1000
11,Greedy,ttv,0.0,14609
11,AlphaBeta,ttv,20.0,28444
11,Greedy,ttv,14.0,1725
11,AlphaBeta,ttv,13.0,2001
11,Greedy,ttv,0.0,7962
11,AlphaBeta,ttv,0.0,1000
11,Greedy,ttv,17.0,16056
11,AlphaBeta,ttv,0.0,13
11,Greedy,ttv,0.0,32
11,AlphaBeta,ttv,0.0,12
11,Greedy,ttv,14.0,6247
11,AlphaBeta,ttv,52.0,35555
11,Greedy,ttv,0.0,7
11,AlphaBeta,ttv,13.0,24097
11,Greedy,ttv,0.0,1
11,AlphaBeta,ttv,0.0,1
11,Greedy,ttv,12.0,4
11,AlphaBeta,ttv,9.0,5
11,Greedy,ttv,0.0,2
11,AlphaBeta,ttv,0.0,2
11,Greedy,ttv,0.0,2
11,AlphaBeta,ttv,0.0,2
11,Greedy,ttv,10.0,164
11,AlphaBeta,ttv,16.0,60339
11,Greedy,ttv,21.0,1580
11,AlphaBeta,ttv,5.0,8064
11,Greedy,ttv,11.0,3021
11,AlphaBeta,ttv,0.0,670
11,Greedy,ttv,0.0,3145
11,AlphaBeta,ttv,10.0,32225
11,Greedy,ttv,15.0,60003
11,AlphaBeta,ttv,0.0,1000
11,Greedy,ttv,0.0,60001
11,AlphaBeta,ttv,0.0,1000
11,Greedy,ttv,15.0,60011
11,AlphaBeta,ttv,0.0,1000
11,Greedy,ttv,0.0,15582
11,AlphaBeta,ttv,15.0,60071
11,Greedy,ttv,33.0,60051
11,AlphaBeta,ttv,33.0,60372
11,Greedy,ttv,17.0,27544
11,AlphaBeta,ttv,9.0,32012
12,Greedy,ttv,15.0,2
12,AlphaBeta,ttcwscm,3.025,2
12,Greedy,ttv,0.0,0
12,AlphaBeta,ttcwscm,0.0,1
12,Greedy,ttv,0.0,1
12,AlphaBeta,ttcwscm,0.0,1
12,Greedy,ttv,6.0,1
12,AlphaBeta,ttcwscm,4.050000000000001,24
12,Greedy,ttv,2.0,2
12,AlphaBeta,ttcwscm,0.0,0
12,Greedy,ttv,0.0,1
12,AlphaBeta,ttcwscm,0.0,1
12,Greedy,ttv,7.0,2
12,AlphaBeta,ttcwscm,0.0,2
12,Greedy,ttv,0.0,2
12,AlphaBeta,ttcwscm,0.0,2
12,Greedy,ttv,14.0,2
12,AlphaBeta,ttcwscm,1.1249999999999996,29666
12,Greedy,ttv,14.0,4
12,AlphaBeta,ttcwscm,2.1249999999999996,5218
12,Greedy,ttv,0.0,719
12,AlphaBeta,ttcwscm,0.0,229
12,Greedy,ttv,0.0,737
12,AlphaBeta,ttcwscm,1.1499999999999995,15259
12,Greedy,ttv,15.0,8601
12,AlphaBeta,ttcwscm,0.0,5
12,Greedy,ttv,0.0,4
12,AlphaBeta,ttcwscm,3.1999999999999993,2211
12,Greedy,ttv,12.0,348
12,AlphaBeta,ttcwscm,0.0,110
12,Greedy,ttv,0.0,339
12,AlphaBeta,ttcwscm,1.1999999999999993,6793
12,Greedy,ttv,0.0,5539
12,AlphaBeta,ttcwscm,0.0,823
12,Greedy,ttv,27.0,22508
12,AlphaBeta,ttcwscm,0.0,1000
12,Greedy,ttv,0.0,22832
12,AlphaBeta,ttcwscm,3.224999999999999,46381
12,Greedy,ttv,34.0,28113
12,AlphaBeta,ttcwscm,1.2499999999999991,5001
12,Greedy,ttv,30.0,51529
12,AlphaBeta,ttcwscm,1.2499999999999991,6000
12,Greedy,ttv,0.0,4573
12,AlphaBeta,ttcwscm,0.0,611
12,Greedy,ttv,23.0,38983
12,AlphaBeta,ttcwscm,2.1749999999999994,1936
12,Greedy,ttv,0.0,1044
12,AlphaBeta,ttcwscm,0.0,306
12,Greedy,ttv,0.0,1046
12,AlphaBeta,ttcwscm,1.2249999999999992,19636
12,Greedy,ttv,12.0,26
12,AlphaBeta,ttcwscm,0.0,10
12,Greedy,ttv,0.0,30
12,AlphaBeta,ttcwscm,0.0,12
12,Greedy,ttv,0.0,32
12,AlphaBeta,ttcwscm,1.3249999999999988,472
12,Greedy,ttv,0.0,395
12,AlphaBeta,ttcwscm,0.0,113
12,Greedy,ttv,12.0,13285
12,AlphaBeta,ttcwscm,1.299999999999999,60196
12,Greedy,ttv,8.0,117
12,AlphaBeta,ttcwscm,1.3249999999999988,15801
12,Greedy,ttv,2.0,41
12,AlphaBeta,ttcwscm,1.3749999999999987,4647
12,Greedy,ttv,0.0,647
12,AlphaBeta,ttcwscm,0.0,418
12,Greedy,ttv,31.0,60026
12,AlphaBeta,ttcwscm,0.0,25
12,Greedy,ttv,6.0,3760
12,AlphaBeta,ttcwscm,2.324999999999999,8260
12,Greedy,ttv,0.0,562
12,AlphaBeta,ttcwscm,0.0,49
12,Greedy,ttv,25.0,24231
12,AlphaBeta,ttcwscm,1.4249999999999992,12005
12,Greedy,ttv,16.0,60003
12,AlphaBeta,ttcwscm,0.0,115
12,Greedy,ttv,0.0,432
12,AlphaBeta,ttcwscm,0.0,443
12,Greedy,ttv,13.0,11650
12,AlphaBeta,ttcwscm,0.0,1000
12,Greedy,ttv,0.0,11832
12,AlphaBeta,ttcwscm,0.0,1000
12,Greedy,ttv,0.0,12812
12,AlphaBeta,ttcwscm,2.4499999999999984,60163
12,Greedy,ttv,12.0,1426
12,AlphaBeta,ttcwscm,0.0,1000
12,Greedy,ttv,0.0,256
12,AlphaBeta,ttcwscm,0.0,1000
12,Greedy,ttv,21.0,4428
12,AlphaBeta,ttcwscm,1.499999999999999,32076
12,Greedy,ttv,0.0,37734
12,AlphaBeta,ttcwscm,0.0,1000
12,Greedy,ttv,6.0,60002
12,AlphaBeta,ttcwscm,3.4999999999999982,60203
12,Greedy,ttv,0.0,60001
12,AlphaBeta,ttcwscm,0.0,1000
12,Greedy,ttv,41.0,60004
13,Greedy,ttv,3.0,2
13,AlphaBeta,ttvwscm,62.025,873
13,Greedy,ttv,24.0,2
13,AlphaBeta,ttvwscm,0.0,0
13,Greedy,ttv,0.0,0
13,AlphaBeta,ttvwscm,15.075000000000001,162
13,Greedy,ttv,15.0,10
13,AlphaBeta,ttvwscm,3.0749999999999997,12
13,Greedy,ttv,0.0,1
13,AlphaBeta,ttvwscm,0.0,0
13,Greedy,ttv,0.0,1
13,AlphaBeta,ttvwscm,0.0,1
13,Greedy,ttv,0.0,0
13,AlphaBeta,ttvwscm,0.0,0
13,Greedy,ttv,0.0,1
13,AlphaBeta,ttvwscm,0.0,1
13,Greedy,ttv,0.0,1
13,AlphaBeta,ttvwscm,0.0,0
13,Greedy,ttv,0.0,1
13,AlphaBeta,ttvwscm,0.0,1
13,Greedy,ttv,0.0,1
13,AlphaBeta,ttvwscm,24.124999999999993,40
13,Greedy,ttv,21.0,10
13,AlphaBeta,ttvwscm,0.0,14
13,Greedy,ttv,0.0,7
13,AlphaBeta,ttvwscm,0.0,14
13,Greedy,ttv,0.0,8
13,AlphaBeta,ttvwscm,26.14999999999999,56891
13,Greedy,ttv,58.0,1375
13,AlphaBeta,ttvwscm,34.17499999999999,11943
13,Greedy,ttv,13.0,47
13,AlphaBeta,ttvwscm,0.0,115
13,Greedy,ttv,0.0,48
13,AlphaBeta,ttvwscm,33.17499999999999,60262
13,Greedy,ttv,43.0,60065
13,AlphaBeta,ttvwscm,14.250000000000004,13075
13,Greedy,ttv,35.0,60018
13,AlphaBeta,ttvwscm,0.0,1000
13,Greedy,ttv,0.0,57443
13,AlphaBeta,ttvwscm,18.249999999999986,21001
13,Greedy,ttv,49.0,60019
13,AlphaBeta,ttvwscm,0.0,1000
13,Greedy,ttv,0.0,60010
13,AlphaBeta,ttvwscm,18.274999999999984,24012
13,Greedy,ttv,55.0,60077
13,AlphaBeta,ttvwscm,0.0,1000
13,Greedy,ttv,0.0,60003
13,AlphaBeta,ttvwscm,23.274999999999984,60135
13,Greedy,ttv,50.0,60031
13,AlphaBeta,ttvwscm,0.0,31
13,Greedy,ttv,0.0,9
13,AlphaBeta,ttvwscm,0.0,32
13,Greedy,ttv,33.0,60022
13,AlphaBeta,ttvwscm,15.325000000000005,60558
13,Greedy,ttv,28.0,60006
13,AlphaBeta,ttvwscm,18.37499999999998,384
13,Greedy,ttv,0.0,37
13,AlphaBeta,ttvwscm,0.0,102
13,Greedy,ttv,0.0,41
13,AlphaBeta,ttvwscm,24.299999999999983,22002
13,Greedy,ttv,0.0,4507
13,AlphaBeta,ttvwscm,0.0,1000
13,Greedy,ttv,7.0,56113
13,AlphaBeta,ttvwscm,22.34999999999998,10052
13,Greedy,ttv,0.0,60002
13,AlphaBeta,ttvwscm,0.0,1000
13,Greedy,ttv,10.0,60002
13,AlphaBeta,ttvwscm,22.37499999999998,6000
13,Greedy,ttv,0.0,40886
13,AlphaBeta,ttvwscm,0.0,1000
13,Greedy,ttv,5.0,60003
13,AlphaBeta,ttvwscm,13.400000000000006,23004
13,Greedy,ttv,0.0,60001
13,AlphaBeta,ttvwscm,0.0,1000
13,Greedy,ttv,9.0,60003
13,AlphaBeta,ttvwscm,0.0,1000
13,Greedy,ttv,0.0,60001
13,AlphaBeta,ttvwscm,15.275000000000004,60027
13,Greedy,ttv,1.0,60002
13,AlphaBeta,ttvwscm,3.324999999999999,2000
13,Greedy,ttv,0.0,60001
13,AlphaBeta,ttvwscm,0.0,1000
13,Greedy,ttv,12.0,60006
13,AlphaBeta,ttvwscm,3.4499999999999984,46005
13,Greedy,ttv,9.0,60001
13,AlphaBeta,ttvwscm,0.0,1005
13,Greedy,ttv,0.0,60001
13,AlphaBeta,ttvwscm,23.449999999999974,46005
13,Greedy,ttv,0.0,60001
13,AlphaBeta,ttvwscm,9.450000000000006,46028
13,Greedy,ttv,6.0,60001
13,AlphaBeta,ttvwscm,0.0,1000
13,Greedy,ttv,0.0,60001
13,AlphaBeta,ttvwscm,0.0,1000
13,Greedy,ttv,0.0,60001
13,AlphaBeta,ttvwscm,14.475000000000007,60016
13,Greedy,ttv,10.0,60003
13,AlphaBeta,ttvwscm,0.0,1000
13,Greedy,ttv,0.0,60000
13,AlphaBeta,ttvwscm,0.0,1000
13,Greedy,ttv,0.0,60001
13,AlphaBeta,ttvwscm,8.425000000000006,60080
13,Greedy,ttv,48.0,60011
13,AlphaBeta,ttvwscm,26.37499999999998,60065
13,Greedy,ttv,28.0,60015
13,AlphaBeta,ttvwscm,0.0,1000
13,Greedy,ttv,0.0,60000
13,AlphaBeta,ttvwscm,0.0,1000
13,Greedy,ttv,0.0,60001
13,AlphaBeta,ttvwscm,14.350000000000005,16029
13,Greedy,ttv,12.0,60002
13,AlphaBeta,ttvwscm,6.550000000000007,22030
13,Greedy,ttv,5.0,60000
14,Greedy,ttcwscm,6.0,4
14,AlphaBeta,ttcwscm,3.05,11
14,Greedy,ttcwscm,1.0499999999999998,3
14,AlphaBeta,ttcwscm,0.0,3
14,Greedy,ttcwscm,0.0,3
14,AlphaBeta,ttcwscm,0.0,3
14,Greedy,ttcwscm,0.0,3
14,AlphaBeta,ttcwscm,0.0,3
14,Greedy,ttcwscm,0.0,3
14,AlphaBeta,ttcwscm,0.0,3
14,Greedy,ttcwscm,1.0499999999999998,21
14,AlphaBeta,ttcwscm,2.05,76
14,Greedy,ttcwscm,0.0,3
14,AlphaBeta,ttcwscm,0.0,3
14,Greedy,ttcwscm,0.0,2
14,AlphaBeta,ttcwscm,1.0749999999999997,373
14,Greedy,ttcwscm,2.0749999999999997,208
14,AlphaBeta,ttcwscm,0.0,5
14,Greedy,ttcwscm,0.0,5
14,AlphaBeta,ttcwscm,3.1249999999999996,16
14,Greedy,ttcwscm,0.0,5
14,AlphaBeta,ttcwscm,0.0,5
14,Greedy,ttcwscm,3.1499999999999995,9
14,AlphaBeta,ttcwscm,1.1499999999999995,16634
14,Greedy,ttcwscm,2.1499999999999995,123
14,AlphaBeta,ttcwscm,2.1499999999999995,503
14,Greedy,ttcwscm,0.0,1
14,AlphaBeta,ttcwscm,0.0,1
14,Greedy,ttcwscm,0.0,0
14,AlphaBeta,ttcwscm,3.1999999999999993,7
14,Greedy,ttcwscm,0.0,1
14,AlphaBeta,ttcwscm,0.0,0
14,Greedy,ttcwscm,1.2249999999999992,5
14,AlphaBeta,ttcwscm,0.0,3
14,Greedy,ttcwscm,0.0,5
14,AlphaBeta,ttcwscm,0.0,3
14,Greedy,ttcwscm,0.0,6
14,AlphaBeta,ttcwscm,3.1999999999999993,24197
14,Greedy,ttcwscm,0.0,8
14,AlphaBeta,ttcwscm,0.0,4
14,Greedy,ttcwscm,0.0,8
14,AlphaBeta,ttcwscm,0.0,4
14,Greedy,ttcwscm,4.275000000000004,281
14,AlphaBeta,ttcwscm,1.274999999999999,6167
14,Greedy,ttcwscm,0.0,1300
14,AlphaBeta,ttcwscm,0.0,354
14,Greedy,ttcwscm,1.274999999999999,2247
14,AlphaBeta,ttcwscm,1.299999999999999,8884
14,Greedy,ttcwscm,0.0,219
14,AlphaBeta,ttcwscm,0.0,486
14,Greedy,ttcwscm,3.324999999999999,60027
14,AlphaBeta,ttcwscm,3.249999999999999,60110
14,Greedy,ttcwscm,0.0,60001
14,AlphaBeta,ttcwscm,0.0,1000
14,Greedy,ttcwscm,1.3249999999999988,60007
14,AlphaBeta,ttcwscm,0.0,1000
14,Greedy,ttcwscm,0.0,60002
14,AlphaBeta,ttcwscm,0.0,1000
14,Greedy,ttcwscm,1.3249999999999988,60009
14,AlphaBeta,ttcwscm,1.3249999999999988,60050
14,Greedy,ttcwscm,2.274999999999999,60005
14,AlphaBeta,ttcwscm,1.274999999999999,52043
14,Greedy,ttcwscm,2.299999999999999,60009
14,AlphaBeta,ttcwscm,2.249999999999999,60071
14,Greedy,ttcwscm,1.4249999999999985,16180
14,AlphaBeta,ttcwscm,1.4249999999999985,14009
14,Greedy,ttcwscm,0.0,49772
14,AlphaBeta,ttcwscm,0.0,1005
14,Greedy,ttcwscm,1.4249999999999985,60002
14,AlphaBeta,ttcwscm,0.0,1000
14,Greedy,ttcwscm,0.0,60001
14,AlphaBeta,ttcwscm,0.0,1000
14,Greedy,ttcwscm,0.0,60001
14,AlphaBeta,ttcwscm,1.3499999999999988,60012
14,Greedy,ttcwscm,1.3499999999999988,60002
14,AlphaBeta,ttcwscm,0.0,1000
14,Greedy,ttcwscm,0.0,60002
14,AlphaBeta,ttcwscm,3.4749999999999983,60038
14,Greedy,ttcwscm,1.4749999999999983,60002
14,AlphaBeta,ttcwscm,1.4249999999999985,60022
14,Greedy,ttcwscm,1.4999999999999982,60003
14,AlphaBeta,ttcwscm,0.0,1000
14,Greedy,ttcwscm,0.0,60002
14,AlphaBeta,ttcwscm,1.4499999999999984,60101
14,Greedy,ttcwscm,1.5249999999999981,60008
14,AlphaBeta,ttcwscm,1.5249999999999981,7000
14,Greedy,ttcwscm,0.0,60002
14,AlphaBeta,ttcwscm,1.4749999999999983,2000
14,Greedy,ttcwscm,0.0,14820
14,AlphaBeta,ttcwscm,0.0,1000
14,Greedy,ttcwscm,0.0,17184
14,AlphaBeta,ttcwscm,1.5249999999999981,60481
14,Greedy,ttcwscm,1.574999999999998,25
14,AlphaBeta,ttcwscm,0.0,14
14,Greedy,ttcwscm,0.0,23
14,AlphaBeta,ttcwscm,1.574999999999998,50189
14,Greedy,ttcwscm,2.574999999999998,13584
14,AlphaBeta,ttcwscm,0.0,14
14,Greedy,ttcwscm,0.0,17
14,AlphaBeta,ttcwscm,0.0,17
14,Greedy,ttcwscm,1.5999999999999979,618
14,AlphaBeta,ttcwscm,1.5999999999999979,3001
14,Greedy,ttcwscm,0.0,11737
14,AlphaBeta,ttcwscm,0.0,1000
14,Greedy,ttcwscm,1.5999999999999979,48055
14,AlphaBeta,ttcwscm,1.5999999999999979,8844
14,Greedy,ttcwscm,0.0,60001
14,AlphaBeta,ttcwscm,0.0,1000
14,Greedy,ttcwscm,1.5999999999999979,60002
14,AlphaBeta,ttcwscm,1.5999999999999979,8000
14,Greedy,ttcwscm,0.0,60002
14,AlphaBeta,ttcwscm,0.0,1000
14,Greedy,ttcwscm,1.5999999999999979,60004
14,AlphaBeta,ttcwscm,2.599999999999998,60058
14,Greedy,ttcwscm,1.6249999999999978,60007
14,AlphaBeta,ttcwscm,0.0,1000
14,Greedy,ttcwscm,0.0,60003
14,AlphaBeta,ttcwscm,1.6249999999999978,5002
14,Greedy,ttcwscm,0.0,60003
14,AlphaBeta,ttcwscm,0.0,1000
14,Greedy,ttcwscm,2.574999999999998,60010
14,AlphaBeta,ttcwscm,1.6499999999999977,47007
14,Greedy,ttcwscm,1.6249999999999978,60002
15,Greedy,ttcwscm,7.0,34
15,AlphaBeta,ttvwscm,46.025,1347
15,Greedy,ttcwscm,0.0,1
15,AlphaBeta,ttvwscm,0.0,0
15,Greedy,ttcwscm,2.0749999999999997,5
15,AlphaBeta,ttvwscm,0.0,14
15,Greedy,ttcwscm,0.0,5
15,AlphaBeta,ttvwscm,0.0,14
15,Greedy,ttcwscm,0.0,5
15,AlphaBeta,ttvwscm,40.074999999999996,6100
15,Greedy,ttcwscm,1.0999999999999996,87
15,AlphaBeta,ttvwscm,0.0,327
15,Greedy,ttcwscm,0.0,92
15,AlphaBeta,ttvwscm,30.099999999999994,370
15,Greedy,ttcwscm,0.0,5
15,AlphaBeta,ttvwscm,0.0,12
15,Greedy,ttcwscm,0.0,6
15,AlphaBeta,ttvwscm,0.0,13
15,Greedy,ttcwscm,1.1249999999999996,102
15,AlphaBeta,ttvwscm,20.124999999999993,10261
15,Greedy,ttcwscm,2.1249999999999996,2496
15,AlphaBeta,ttvwscm,0.0,332
15,Greedy,ttcwscm,0.0,94
15,AlphaBeta,ttvwscm,20.14999999999999,31707
15,Greedy,ttcwscm,2.1499999999999995,26337
15,AlphaBeta,ttvwscm,0.0,1000
15,Greedy,ttcwscm,0.0,6787
15,AlphaBeta,ttvwscm,0.0,1000
15,Greedy,ttcwscm,0.0,6995
15,AlphaBeta,ttvwscm,0.0,1000
15,Greedy,ttcwscm,3.1999999999999993,60024
15,AlphaBeta,ttvwscm,0.0,1000
15,Greedy,ttcwscm,0.0,10645
15,AlphaBeta,ttvwscm,17.14999999999999,2012
15,Greedy,ttcwscm,1.2249999999999992,47
15,AlphaBeta,ttvwscm,0.0,74
15,Greedy,ttcwscm,0.0,48
15,AlphaBeta,ttvwscm,14.225000000000003,338
15,Greedy,ttcwscm,1.2499999999999991,8
15,AlphaBeta,ttvwscm,0.0,9
15,Greedy,ttcwscm,0.0,4
15,AlphaBeta,ttvwscm,43.274999999999984,60
15,Greedy,ttcwscm,0.0,12
15,AlphaBeta,ttvwscm,0.0,9
15,Greedy,ttcwscm,0.0,12
15,AlphaBeta,ttvwscm,13.275000000000004,12118
15,Greedy,ttcwscm,4.2500000000000036,2862
15,AlphaBeta,ttvwscm,10.300000000000004,797
15,Greedy,ttcwscm,0.0,114
15,AlphaBeta,ttvwscm,0.0,143
15,Greedy,ttcwscm,1.299999999999999,135
15,AlphaBeta,ttvwscm,5.350000000000005,60297
15,Greedy,ttcwscm,2.3499999999999988,60058
15,AlphaBeta,ttvwscm,0.0,2
15,Greedy,ttcwscm,0.0,1
15,AlphaBeta,ttvwscm,0.0,2
15,Greedy,ttcwscm,0.0,1
15,AlphaBeta,ttvwscm,0.0,2
15,Greedy,ttcwscm,1.3749999999999987,457
15,AlphaBeta,ttvwscm,3.3999999999999986,5531
15,Greedy,ttcwscm,0.0,419
15,AlphaBeta,ttvwscm,0.0,141
15,Greedy,ttcwscm,0.0,464
15,AlphaBeta,ttvwscm,0.0,359
15,Greedy,ttcwscm,2.3749999999999987,4114
15,AlphaBeta,ttvwscm,14.425000000000006,60219
15,Greedy,ttcwscm,0.0,471
15,AlphaBeta,ttvwscm,10.425000000000006,48152
15,Greedy,ttcwscm,1.3749999999999987,8961
15,AlphaBeta,ttvwscm,0.0,2
15,Greedy,ttcwscm,0.0,2
15,AlphaBeta,ttvwscm,9.450000000000006,19599
15,Greedy,ttcwscm,1.4499999999999986,1066
15,AlphaBeta,ttvwscm,12.400000000000006,770
15,Greedy,ttcwscm,0.0,1
15,AlphaBeta,ttvwscm,0.0,1
15,Greedy,ttcwscm,1.4749999999999985,4
15,AlphaBeta,ttvwscm,16.37499999999998,60260
15,Greedy,ttcwscm,1.3749999999999987,15086
15,AlphaBeta,ttvwscm,0.0,2
15,Greedy,ttcwscm,0.0,1
15,AlphaBeta,ttvwscm,18.499999999999975,24
15,Greedy,ttcwscm,0.0,0
15,AlphaBeta,ttvwscm,0.0,1
15,Greedy,ttcwscm,0.0,0
15,AlphaBeta,ttvwscm,4.525000000000007,5
15,Greedy,ttcwscm,0.0,2
15,AlphaBeta,ttvwscm,0.0,2
15,Greedy,ttcwscm,0.0,2
15,AlphaBeta,ttvwscm,0.0,2
15,Greedy,ttcwscm,4.425000000000006,60104
15,AlphaBeta,ttvwscm,35.47499999999997,60942
15,Greedy,ttcwscm,1.549999999999998,3908
15,AlphaBeta,ttvwscm,10.575000000000008,35
15,Greedy,ttcwscm,0.0,1
15,AlphaBeta,ttvwscm,9.600000000000009,17
15,Greedy,ttcwscm,0.0,9
15,AlphaBeta,ttvwscm,0.0,7
15,Greedy,ttcwscm,0.0,11
15,AlphaBeta,ttvwscm,12.575000000000008,60089
15,Greedy,ttcwscm,4.475000000000007,60399
15,AlphaBeta,ttvwscm,0.0,1000
15,Greedy,ttcwscm,0.0,60005
15,AlphaBeta,ttvwscm,2.599999999999998,60181
15,Greedy,ttcwscm,2.524999999999998,60062
16,Greedy,ttvwscm,21.0,1
16,AlphaBeta,ttvwscm,90.025,60275
16,Greedy,ttvwscm,25.049999999999997,115
16,AlphaBeta,ttvwscm,0.0,48
16,Greedy,ttvwscm,0.0,164
16,AlphaBeta,ttvwscm,0.0,49
16,Greedy,ttvwscm,30.049999999999997,198
16,AlphaBeta,ttvwscm,24.074999999999996,8659
16,Greedy,ttvwscm,0.0,630
16,AlphaBeta,ttvwscm,0.0,587
16,Greedy,ttvwscm,0.0,645
16,AlphaBeta,ttvwscm,23.074999999999996,1765
16,Greedy,ttvwscm,0.0,16
16,AlphaBeta,ttvwscm,0.0,14
16,Greedy,ttvwscm,0.0,15
16,AlphaBeta,ttvwscm,27.099999999999994,60642
16,Greedy,ttvwscm,38.074999999999996,29439
16,AlphaBeta,ttvwscm,0.0,1
16,Greedy,ttvwscm,0.0,1
16,AlphaBeta,ttvwscm,12.175000000000002,37
16,Greedy,ttvwscm,9.175000000000002,10
16,AlphaBeta,ttvwscm,0.0,1
16,Greedy,ttvwscm,0.0,0
16,AlphaBeta,ttvwscm,0.0,1
16,Greedy,ttvwscm,0.0,1
16,AlphaBeta,ttvwscm,0.0,0
16,Greedy,ttvwscm,3.1999999999999993,2
16,AlphaBeta,ttvwscm,0.0,1
16,Greedy,ttvwscm,0.0,2
16,AlphaBeta,ttvwscm,0.0,2
16,Greedy,ttvwscm,0.0,2
16,AlphaBeta,ttvwscm,24.19999999999999,60210
16,Greedy,ttvwscm,18.224999999999987,2623
16,AlphaBeta,ttvwscm,20.224999999999987,49004
16,Greedy,ttvwscm,0.0,6411
16,AlphaBeta,ttvwscm,0.0,1000
16,Greedy,ttvwscm,0.0,6348
16,AlphaBeta,ttvwscm,30.124999999999993,7138
16,Greedy,ttvwscm,0.0,4
16,AlphaBeta,ttvwscm,7.2500000000000036,917
16,Greedy,ttvwscm,0.0,54
16,AlphaBeta,ttvwscm,0.0,145
16,Greedy,ttvwscm,13.250000000000004,712
16,AlphaBeta,ttvwscm,0.0,990
16,Greedy,ttvwscm,0.0,702
16,AlphaBeta,ttvwscm,19.19999999999999,60605
16,Greedy,ttvwscm,19.249999999999986,60016
16,AlphaBeta,ttvwscm,7.2500000000000036,27011
16,Greedy,ttvwscm,0.0,17449
16,AlphaBeta,ttvwscm,0.0,1000
16,Greedy,ttvwscm,21.274999999999984,60005
16,AlphaBeta,ttvwscm,38.22499999999999,60366
16,Greedy,ttvwscm,6.300000000000004,60079
16,AlphaBeta,ttvwscm,15.325000000000005,37036
16,Greedy,ttvwscm,0.0,60002
16,AlphaBeta,ttvwscm,7.300000000000004,8140
16,Greedy,ttvwscm,0.0,60001
16,AlphaBeta,ttvwscm,0.0,1000
16,Greedy,ttvwscm,0.0,60001
16,AlphaBeta,ttvwscm,9.300000000000004,60203
16,Greedy,ttvwscm,34.34999999999998,60015
16,AlphaBeta,ttvwscm,17.37499999999998,30000
16,Greedy,ttvwscm,0.0,60003
16,AlphaBeta,ttvwscm,0.0,1000
16,Greedy,ttvwscm,0.0,60003
16,AlphaBeta,ttvwscm,18.37499999999998,60607
16,Greedy,ttvwscm,34.39999999999998,60121
16,AlphaBeta,ttvwscm,0.0,1000
16,Greedy,ttvwscm,0.0,60003
16,AlphaBeta,ttvwscm,13.400000000000006,60272
16,Greedy,ttvwscm,26.399999999999977,60013
16,AlphaBeta,ttvwscm,8.475000000000007,12548
16,Greedy,ttvwscm,20.474999999999973,879
16,AlphaBeta,ttvwscm,0.0,234
16,Greedy,ttvwscm,0.0,873
16,AlphaBeta,ttvwscm,6.475000000000007,32161
16,Greedy,ttvwscm,26.474999999999973,28076
16,AlphaBeta,ttvwscm,0.0,27
16,Greedy,ttvwscm,0.0,40
16,AlphaBeta,ttvwscm,17.49999999999997,60059
16,Greedy,ttvwscm,5.475000000000007,60004
16,AlphaBeta,ttvwscm,0.0,14
16,Greedy,ttvwscm,0.0,23
16,AlphaBeta,ttvwscm,13.525000000000007,60865
16,Greedy,ttvwscm,9.525000000000007,60008
16,AlphaBeta,ttvwscm,0.0,1019
16,Greedy,ttvwscm,0.0,60004
16,AlphaBeta,ttvwscm,18.424999999999976,60038
16,Greedy,ttvwscm,9.550000000000008,6721
16,AlphaBeta,ttvwscm,8.550000000000008,30001
17,Greedy,ttc,3.0,6
17,ILP,ttc,3.0,161
17,Greedy,ttc,1.0,4
17,ILP,ttc,0.0,107
17,Greedy,ttc,0.0,7
17,ILP,ttc,0.0,92
17,Greedy,ttc,3.0,365
17,ILP,ttc,5.0,88
17,Greedy,ttc,3.0,14188
17,ILP,ttc,3.0,59
17,Greedy,ttc,4.0,60009
17,ILP,ttc,3.0,106
17,Greedy,ttc,0.0,2
17,ILP,ttc,0.0,108
17,Greedy,ttc,1.0,17
17,ILP,ttc,0.0,115
17,Greedy,ttc,0.0,38
17,ILP,ttc,0.0,127
17,Greedy,ttc,0.0,21
17,ILP,ttc,0.0,152
17,Greedy,ttc,1.0,2110
17,ILP,ttc,2.0,53
17,Greedy,ttc,0.0,24
17,ILP,ttc,0.0,58
17,Greedy,ttc,0.0,20
17,ILP,ttc,3.0,60
17,Greedy,ttc,3.0,60012
17,ILP,ttc,0.0,77
17,Greedy,ttc,0.0,70
17,ILP,ttc,0.0,84
17,Greedy,ttc,0.0,112
17,ILP,ttc,1.0,80
17,Greedy,ttc,0.0,1589
17,ILP,ttc,0.0,76
17,Greedy,ttc,1.0,20136
17,ILP,ttc,1.0,77
17,Greedy,ttc,0.0,60002
17,ILP,ttc,0.0,76
17,Greedy,ttc,2.0,60010
17,ILP,ttc,1.0,78
17,Greedy,ttc,0.0,20
17,ILP,ttc,0.0,79
17,Greedy,ttc,0.0,19
17,ILP,ttc,0.0,88
17,Greedy,ttc,2.0,60016
17,ILP,ttc,3.0,143
17,Greedy,ttc,0.0,31082
17,ILP,ttc,0.0,115
17,Greedy,ttc,2.0,60003
17,ILP,ttc,1.0,125
17,Greedy,ttc,0.0,60002
17,ILP,ttc,0.0,124
17,Greedy,ttc,1.0,60002
17,ILP,ttc,2.0,124
17,Greedy,ttc,0.0,1
17,ILP,ttc,0.0,138
17,Greedy,ttc,1.0,4
17,ILP,ttc,1.0,210
17,Greedy,ttc,0.0,52053
17,ILP,ttc,0.0,217
17,Greedy,ttc,1.0,60013
17,ILP,ttc,0.9999999999999998,313
17,Greedy,ttc,1.0,28
18,Greedy,ttc,6.0,3
18,ILP,ttv,36.0,110
18,Greedy,ttc,0.0,9
18,ILP,ttv,0.0,96
18,Greedy,ttc,0.0,7
18,ILP,ttv,0.0,92
18,Greedy,ttc,0.0,6
18,ILP,ttv,0.0,86
18,Greedy,ttc,0.0,5
18,ILP,ttv,18.0,110
18,Greedy,ttc,1.0,4
18,ILP,ttv,0.0,91
18,Greedy,ttc,0.0,2
18,ILP,ttv,0.0,85
18,Greedy,ttc,0.0,3
18,ILP,ttv,0.0,115
18,Greedy,ttc,0.0,4
18,ILP,ttv,19.0,91
18,Greedy,ttc,0.0,491
18,ILP,ttv,0.0,45
18,Greedy,ttc,0.0,444
18,ILP,ttv,0.0,49
18,Greedy,ttc,0.0,906
18,ILP,ttv,0.0,74
18,Greedy,ttc,0.0,612
18,ILP,ttv,12.0,75
18,Greedy,ttc,1.0,14391
18,ILP,ttv,5.0,74
18,Greedy,ttc,0.0,663
18,ILP,ttv,0.0,74
18,Greedy,ttc,3.0,1206
18,ILP,ttv,33.0,74
18,Greedy,ttc,0.0,760
18,ILP,ttv,0.0,75
18,Greedy,ttc,1.0,5942
18,ILP,ttv,21.0,76
18,Greedy,ttc,0.0,5980
18,ILP,ttv,0.0,75
18,Greedy,ttc,2.0,60018
18,ILP,ttv,0.0,75
18,Greedy,ttc,0.0,658
18,ILP,ttv,0.0,75
18,Greedy,ttc,0.0,666
18,ILP,ttv,12.0,76
18,Greedy,ttc,5.0,7803
18,ILP,ttv,10.0,79
18,Greedy,ttc,1.0,67
18,ILP,ttv,0.0,88
18,Greedy,ttc,0.0,78
18,ILP,ttv,6.0,80
18,Greedy,ttc,1.0,28360
18,ILP,ttv,0.0,79
18,Greedy,ttc,0.0,28866
18,ILP,ttv,9.0,79
18,Greedy,ttc,2.0,60002
18,ILP,ttv,0.0,79
18,Greedy,ttc,0.0,1924
18,ILP,ttv,11.0,82
18,Greedy,ttc,1.0,60001
18,ILP,ttv,13.0,83
18,Greedy,ttc,0.0,60001
18,ILP,ttv,0.0,83
18,Greedy,ttc,2.0,60002
18,ILP,ttv,12.0,83
18,Greedy,ttc,0.0,60002
18,ILP,ttv,0.0,82
18,Greedy,ttc,1.0,60001
18,ILP,ttv,32.0,85
18,Greedy,ttc,0.0,55
18,ILP,ttv,0.0,88
18,Greedy,ttc,2.0,5768
18,ILP,ttv,0.0,83
18,Greedy,ttc,0.0,5529
18,ILP,ttv,11.0,86
18,Greedy,ttc,0.0,6953
18,ILP,ttv,0.0,83
18,Greedy,ttc,1.0,39704
18,ILP,ttv,12.0,82
18,Greedy,ttc,0.0,60002
18,ILP,ttv,0.0,83
18,Greedy,ttc,0.0,60002
18,ILP,ttv,0.0,83
18,Greedy,ttc,1.0,60001
18,ILP,ttv,12.0,82
18,Greedy,ttc,1.0,60002
18,ILP,ttv,0.0,83
18,Greedy,ttc,0.0,60002
18,ILP,ttv,0.0,83
18,Greedy,ttc,3.0,60018
18,ILP,ttv,6.0,242
18,Greedy,ttc,0.0,60002
18,ILP,ttv,0.0,264
18,Greedy,ttc,1.0,60006
18,ILP,ttv,13.0,313
18,Greedy,ttc,0.0,60001
18,ILP,ttv,0.0,257
18,Greedy,ttc,1.0,60001
18,ILP,ttv,5.0,308
18,Greedy,ttc,4.0,60028
18,ILP,ttv,2.0,494
19,Greedy,ttc,0.0,1
19,ILP,ttcwscm,3.0,105
19,Greedy,ttc,3.0,1
19,ILP,ttcwscm,0.0,109
19,Greedy,ttc,0.0,1
19,ILP,ttcwscm,3.0500000000000003,114
19,Greedy,ttc,0.0,1
19,ILP,ttcwscm,0.0,107
19,Greedy,ttc,0.0,1
19,ILP,ttcwscm,0.0,118
19,Greedy,ttc,4.0,48
19,ILP,ttcwscm,3.075,122
19,Greedy,ttc,1.0,23
19,ILP,ttcwscm,0.0,117
19,Greedy,ttc,0.0,16
19,ILP,ttcwscm,0.0,134
19,Greedy,ttc,0.0,71
19,ILP,ttcwscm,3.125,183
19,Greedy,ttc,0.0,63
19,ILP,ttcwscm,0.0,143
19,Greedy,ttc,3.0,51
19,ILP,ttcwscm,0.0,117
19,Greedy,ttc,0.0,18
19,ILP,ttcwscm,1.1500000000000001,139
19,Greedy,ttc,3.0,1749
19,ILP,ttcwscm,0.0,133
19,Greedy,ttc,0.0,436
19,ILP,ttcwscm,4.2,218
19,Greedy,ttc,3.0,60016
19,ILP,ttcwscm,1.225,254
19,Greedy,ttc,0.0,60006
19,ILP,ttcwscm,0.0,251
19,Greedy,ttc,0.0,60006
19,ILP,ttcwscm,3.225,280
19,Greedy,ttc,2.0,60003
19,ILP,ttcwscm,0.0,314
19,Greedy,ttc,0.0,60001
19,ILP,ttcwscm,2.1750000000000003,388
19,Greedy,ttc,4.0,60021
19,ILP,ttcwscm,1.2750000000000001,468
20,Greedy,ttc,7.0,87
20,ILP,ttvwscm,43.025,136
20,Greedy,ttc,0.0,33
20,ILP,ttvwscm,0.0,145
20,Greedy,ttc,0.0,57
20,ILP,ttvwscm,0.0,140
20,Greedy,ttc,3.0,14337
20,ILP,ttvwscm,22.1,135
20,Greedy,ttc,1.0,750
20,ILP,ttvwscm,0.0,131
20,Greedy,ttc,0.0,691
20,ILP,ttvwscm,0.0,130
20,Greedy,ttc,2.0,808
20,ILP,ttvwscm,0.0,131
20,Greedy,ttc,0.0,9
20,ILP,ttvwscm,0.0,147
20,Greedy,ttc,0.0,15
20,ILP,ttvwscm,0.0,134
20,Greedy,ttc,0.0,9
20,ILP,ttvwscm,0.0,147
20,Greedy,ttc,3.0,11271
20,ILP,ttvwscm,29.175,150
20,Greedy,ttc,0.0,14
20,ILP,ttvwscm,0.0,158
20,Greedy,ttc,1.0,391
20,ILP,ttvwscm,16.2,166
20,Greedy,ttc,0.0,2705
20,ILP,ttvwscm,0.0,133
20,Greedy,ttc,0.0,2778
20,ILP,ttvwscm,12.225000000000001,133
20,Greedy,ttc,1.0,9387
20,ILP,ttvwscm,0.0,137
20,Greedy,ttc,0.0,748
20,ILP,ttvwscm,0.0,132
20,Greedy,ttc,1.0,5004
20,ILP,ttvwscm,0.0,135
20,Greedy,ttc,0.0,5104
20,ILP,ttvwscm,0.0,134
20,Greedy,ttc,0.0,5186
20,ILP,ttvwscm,0.0,135
20,Greedy,ttc,3.0,10479
20,ILP,ttvwscm,21.3,173
20,Greedy,ttc,0.0,5033
20,ILP,ttvwscm,0.0,169
20,Greedy,ttc,1.0,6654
20,ILP,ttvwscm,36.35,184
20,Greedy,ttc,0.0,14
20,ILP,ttvwscm,0.0,190
20,Greedy,ttc,2.0,60033
20,ILP,ttvwscm,14.350000000000001,294
20,Greedy,ttc,0.0,0
20,ILP,ttvwscm,0.0,204
20,Greedy,ttc,0.0,0
20,ILP,ttvwscm,41.400000000000006,721
20,Greedy,ttc,3.0,31743
20,ILP,ttvwscm,7.425000000000001,747
20,Greedy,ttc,0.0,9
20,ILP,ttvwscm,0.0,720
20,Greedy,ttc,1.0,3656
20,ILP,ttvwscm,6.3999999999999995,949
21,Greedy,ttv,36.0,1
21,ILP,ttv,27.0,78
21,Greedy,ttv,0.0,1
21,ILP,ttv,0.0,73
21,Greedy,ttv,0.0,0
21,ILP,ttv,0.0,77
21,Greedy,ttv,0.0,1
21,ILP,ttv,33.0,77
21,Greedy,ttv,0.0,1
21,ILP,ttv,0.0,73
21,Greedy,ttv,10.0,2
21,ILP,ttv,9.0,78
21,Greedy,ttv,21.0,575
21,ILP,ttv,0.0,74
21,Greedy,ttv,0.0,2
21,ILP,ttv,0.0,73
21,Greedy,ttv,20.0,3
21,ILP,ttv,15.0,79
21,Greedy,ttv,0.0,1
21,ILP,ttv,0.0,81
21,Greedy,ttv,15.0,1
21,ILP,ttv,0.0,73
21,Greedy,ttv,0.0,0
21,ILP,ttv,7.0,81
21,Greedy,ttv,0.0,4
21,ILP,ttv,0.0,78
21,Greedy,ttv,0.0,4
21,ILP,ttv,39.0,77
21,Greedy,ttv,0.0,5
21,ILP,ttv,0.0,80
21,Greedy,ttv,7.0,17
21,ILP,ttv,56.0,115
21,Greedy,ttv,48.0,35348
21,ILP,ttv,0.0,117
21,Greedy,ttv,0.0,2
21,ILP,ttv,0.0,128
21,Greedy,ttv,53.0,18230
21,ILP,ttv,11.0,439
21,Greedy,ttv,29.0,60011
21,ILP,ttv,16.0,249
21,Greedy,ttv,0.0,4
21,ILP,ttv,0.0,240
21,Greedy,ttv,22.0,55
21,ILP,ttv,13.000000000000002,241
21,Greedy,ttv,11.0,9456
21,ILP,ttv,0.0,264
21,Greedy,ttv,0.0,9555
21,ILP,ttv,0.0,293
21,Greedy,ttv,6.0,19623
21,ILP,ttv,11.999999999999998,391
21,Greedy,ttv,8.0,11787
21,ILP,ttv,4.0,399
21,Greedy,ttv,10.0,4045
21,ILP,ttv,0.0,407
21,Greedy,ttv,0.0,4011
21,ILP,ttv,2.0,418
21,Greedy,ttv,1.0,44656
21,ILP,ttv,0.0,444
21,Greedy,ttv,0.0,45975
21,ILP,ttv,4.0,444
21,Greedy,ttv,22.0,11672
22,Greedy,ttv,9.0,1
22,ILP,ttcwscm,3.0250000000000004,130
22,Greedy,ttv,0.0,1
22,ILP,ttcwscm,0.0,145
22,Greedy,ttv,0.0,1
22,ILP,ttcwscm,0.0,130
22,Greedy,ttv,27.0,2
22,ILP,ttcwscm,1.05,138
22,Greedy,ttv,15.0,10
22,ILP,ttcwscm,0.0,131
22,Greedy,ttv,0.0,0
22,ILP,ttcwscm,0.0,144
22,Greedy,ttv,66.0,66
22,ILP,ttcwscm,2.1,178
22,Greedy,ttv,0.0,9
22,ILP,ttcwscm,0.0,136
22,Greedy,ttv,0.0,4
22,ILP,ttcwscm,0.0,142
22,Greedy,ttv,0.0,7
22,ILP,ttcwscm,4.125,133
22,Greedy,ttv,44.0,2007
22,ILP,ttcwscm,2.125,136
22,Greedy,ttv,0.0,76
22,ILP,ttcwscm,0.0,149
22,Greedy,ttv,7.0,1240
22,ILP,ttcwscm,2.1750000000000003,141
22,Greedy,ttv,0.0,1017
22,ILP,ttcwscm,0.0,137
22,Greedy,ttv,19.0,2775
22,ILP,ttcwscm,3.1750000000000003,143
22,Greedy,ttv,0.0,7431
22,ILP,ttcwscm,0.0,137
22,Greedy,ttv,12.0,26826
22,ILP,ttcwscm,1.225,142
22,Greedy,ttv,0.0,60003
22,ILP,ttcwscm,0.0,145
22,Greedy,ttv,19.0,60018
22,ILP,ttcwscm,2.25,152
22,Greedy,ttv,7.0,47055
22,ILP,ttcwscm,0.0,151
22,Greedy,ttv,0.0,46498
22,ILP,ttcwscm,0.0,150
22,Greedy,ttv,11.0,60001
22,ILP,ttcwscm,0.0,183
22,Greedy,ttv,0.0,60002
22,ILP,ttcwscm,5.2250000000000005,183
22,Greedy,ttv,0.0,41261
22,ILP,ttcwscm,0.0,181
22,Greedy,ttv,18.0,60026
22,ILP,ttcwscm,0.0,244
22,Greedy,ttv,7.0,60004
22,ILP,ttcwscm,1.375,290
22,Greedy,ttv,0.0,4535
22,ILP,ttcwscm,0.0,273
22,Greedy,ttv,0.0,5055
22,ILP,ttcwscm,1.3750000000000002,352
22,Greedy,ttv,15.0,60010
22,ILP,ttcwscm,0.0,335
22,Greedy,ttv,0.0,178
22,ILP,ttcwscm,1.4000000000000001,319
22,Greedy,ttv,0.0,2312
22,ILP,ttcwscm,0.0,328
22,Greedy,ttv,3.0,4292
22,ILP,ttcwscm,3.4250000000000007,358
22,Greedy,ttv,1.0,10723
22,ILP,ttcwscm,0.0,393
22,Greedy,ttv,0.0,11069
22,ILP,ttcwscm,1.4500000000000002,495
22,Greedy,ttv,0.0,60003
22,ILP,ttcwscm,0.0,502
22,Greedy,ttv,13.0,60002
22,ILP,ttcwscm,2.3000000000000003,505
23,Greedy,ttv,77.0,16
23,ILP,ttvwscm,26.025000000000002,130
23,Greedy,ttv,0.0,6
23,ILP,ttvwscm,0.0,143
23,Greedy,ttv,0.0,4
23,ILP,ttvwscm,0.0,126
23,Greedy,ttv,0.0,5
23,ILP,ttvwscm,0.0,141
23,Greedy,ttv,0.0,7
23,ILP,ttvwscm,0.0,129
23,Greedy,ttv,50.0,11
23,ILP,ttvwscm,40.050000000000004,144
23,Greedy,ttv,14.0,74
23,ILP,ttvwscm,0.0,186
23,Greedy,ttv,0.0,41
23,ILP,ttvwscm,0.0,128
23,Greedy,ttv,0.0,26
23,ILP,ttvwscm,27.150000000000002,142
23,Greedy,ttv,13.0,629
23,ILP,ttvwscm,0.0,129
23,Greedy,ttv,0.0,29
23,ILP,ttvwscm,11.175,148
23,Greedy,ttv,0.0,316
23,ILP,ttvwscm,0.0,131
23,Greedy,ttv,0.0,894
23,ILP,ttvwscm,19.150000000000002,140
23,Greedy,ttv,36.0,216
23,ILP,ttvwscm,0.0,136
23,Greedy,ttv,0.0,187
23,ILP,ttvwscm,0.0,140
23,Greedy,ttv,0.0,161
23,ILP,ttvwscm,17.225,147
23,Greedy,ttv,13.0,21706
23,ILP,ttvwscm,1.25,154
23,Greedy,ttv,24.0,60005
23,ILP,ttvwscm,0.0,151
23,Greedy,ttv,0.0,60002
23,ILP,ttvwscm,6.25,164
23,Greedy,ttv,5.0,13404
23,ILP,ttvwscm,8.275,172
23,Greedy,ttv,0.0,5472
23,ILP,ttvwscm,0.0,170
23,Greedy,ttv,0.0,5656
23,ILP,ttvwscm,0.0,170
23,Greedy,ttv,6.0,51079
23,ILP,ttvwscm,12.325000000000001,187
23,Greedy,ttv,13.0,1984
23,ILP,ttvwscm,20.3,252
23,Greedy,ttv,17.0,60009
23,ILP,ttvwscm,2.35,199
23,Greedy,ttv,0.0,1395
23,ILP,ttvwscm,0.0,135
23,Greedy,ttv,0.0,1528
23,ILP,ttvwscm,10.325000000000001,138
23,Greedy,ttv,7.0,60001
23,ILP,ttvwscm,1.3250000000000002,289
24,Greedy,ttcwscm,6.0,38
24,ILP,ttcwscm,7.025,137
24,Greedy,ttcwscm,1.0749999999999997,14
24,ILP,ttcwscm,0.0,143
24,Greedy,ttcwscm,0.0,26
24,ILP,ttcwscm,0.0,158
24,Greedy,ttcwscm,0.0,10
24,ILP,ttcwscm,0.0,131
24,Greedy,ttcwscm,3.0999999999999996,19
24,ILP,ttcwscm,2.075,185
24,Greedy,ttcwscm,0.0,3
24,ILP,ttcwscm,0.0,129
24,Greedy,ttcwscm,0.0,2
24,ILP,ttcwscm,3.1500000000000004,144
24,Greedy,ttcwscm,4.150000000000002,10107
24,ILP,ttcwscm,3.1750000000000003,192
24,Greedy,ttcwscm,0.0,14
24,ILP,ttcwscm,0.0,198
24,Greedy,ttcwscm,2.1749999999999994,13832
24,ILP,ttcwscm,2.2,246
24,Greedy,ttcwscm,0.0,624
24,ILP,ttcwscm,0.0,240
24,Greedy,ttcwscm,0.0,577
24,ILP,ttcwscm,2.1750000000000003,255
24,Greedy,ttcwscm,0.0,13
24,ILP,ttcwscm,0.0,252
24,Greedy,ttcwscm,2.249999999999999,4778
24,ILP,ttcwscm,2.2,417
25,Greedy,ttcwscm,3.0,1
25,ILP,ttvwscm,24.025000000000002,133
25,Greedy,ttcwscm,0.0,0
25,ILP,ttvwscm,0.0,146
25,Greedy,ttcwscm,0.0,1
25,ILP,ttvwscm,0.0,129
25,Greedy,ttcwscm,3.05,1
25,ILP,ttvwscm,54.050000000000004,147
25,Greedy,ttcwscm,1.0749999999999997,592
25,ILP,ttvwscm,13.05,128
25,Greedy,ttcwscm,0.0,5
25,ILP,ttvwscm,0.0,142
25,Greedy,ttcwscm,0.0,4
25,ILP,ttvwscm,0.0,132
25,Greedy,ttcwscm,0.0,3
25,ILP,ttvwscm,0.0,139
25,Greedy,ttcwscm,0.0,4
25,ILP,ttvwscm,0.0,132
25,Greedy,ttcwscm,0.0,4
25,ILP,ttvwscm,0.0,145
25,Greedy,ttcwscm,1.0999999999999996,62
25,ILP,ttvwscm,0.0,177
25,Greedy,ttcwscm,0.0,38
25,ILP,ttvwscm,36.1,130
25,Greedy,ttcwscm,0.0,51
25,ILP,ttvwscm,0.0,147
25,Greedy,ttcwscm,0.0,24
25,ILP,ttvwscm,6.15,152
25,Greedy,ttcwscm,3.1249999999999996,2582
25,ILP,ttvwscm,7.175000000000001,128
25,Greedy,ttcwscm,2.1999999999999993,1150
25,ILP,ttvwscm,0.0,130
25,Greedy,ttcwscm,0.0,1064
25,ILP,ttvwscm,0.0,131
25,Greedy,ttcwscm,2.1749999999999994,1169
25,ILP,ttvwscm,24.225,132
25,Greedy,ttcwscm,4.225000000000003,12049
25,ILP,ttvwscm,0.0,131
25,Greedy,ttcwscm,0.0,323
25,ILP,ttvwscm,14.25,132
25,Greedy,ttcwscm,5.275000000000004,25855
25,ILP,ttvwscm,0.0,132
25,Greedy,ttcwscm,0.0,2763
25,ILP,ttvwscm,10.325000000000001,132
25,Greedy,ttcwscm,0.0,197
25,ILP,ttvwscm,0.0,131
25,Greedy,ttcwscm,2.3499999999999988,60011
25,ILP,ttvwscm,0.0,160
25,Greedy,ttcwscm,0.0,8
25,ILP,ttvwscm,0.0,181
25,Greedy,ttcwscm,0.0,24
25,ILP,ttvwscm,7.375,185
25,Greedy,ttcwscm,0.0,628
25,ILP,ttvwscm,0.0,171
25,Greedy,ttcwscm,0.0,524
25,ILP,ttvwscm,22.325000000000003,183
25,Greedy,ttcwscm,2.324999999999999,60001
25,ILP,ttvwscm,10.375,241
25,Greedy,ttcwscm,0.0,60001
25,ILP,ttvwscm,0.0,237
25,Greedy,ttcwscm,2.3749999999999987,60002
25,ILP,ttvwscm,6.4,380
25,Greedy,ttcwscm,0.0,60001
25,ILP,ttvwscm,0.0,336
25,Greedy,ttcwscm,1.3749999999999987,60001
25,ILP,ttvwscm,8.425,350
25,Greedy,ttcwscm,0.0,29777
25,ILP,ttvwscm,0.0,328
25,Greedy,ttcwscm,1.4499999999999984,60001
25,ILP,ttvwscm,5.425000000000001,321
25,Greedy,ttcwscm,0.0,60001
25,ILP,ttvwscm,0.0,318
25,Greedy,ttcwscm,1.4499999999999984,60004
25,ILP,ttvwscm,8.4,343
26,Greedy,ttvwscm,33.0,1
26,ILP,ttvwscm,30.025000000000002,129
26,Greedy,ttvwscm,20.025,6
26,ILP,ttvwscm,20.025000000000002,144
26,Greedy,ttvwscm,0.0,1
26,ILP,ttvwscm,0.0,129
26,Greedy,ttvwscm,0.0,1
26,ILP,ttvwscm,0.0,136
26,Greedy,ttvwscm,0.0,1
26,ILP,ttvwscm,0.0,130
26,Greedy,ttvwscm,0.0,1
26,ILP,ttvwscm,0.0,139
26,Greedy,ttvwscm,66.07500000000002,67
26,ILP,ttvwscm,30.075000000000003,134
26,Greedy,ttvwscm,6.100000000000001,3
26,ILP,ttvwscm,12.100000000000001,153
26,Greedy,ttvwscm,0.0,1
26,ILP,ttvwscm,0.0,159
26,Greedy,ttvwscm,0.0,1
26,ILP,ttvwscm,0.0,145
26,Greedy,ttvwscm,0.0,1
26,ILP,ttvwscm,0.0,159
26,Greedy,ttvwscm,0.0,3
26,ILP,ttvwscm,36.1,149
26,Greedy,ttvwscm,0.0,7
26,ILP,ttvwscm,0.0,159
26,Greedy,ttvwscm,0.0,4
26,ILP,ttvwscm,0.0,143
26,Greedy,ttvwscm,0.0,78
26,ILP,ttvwscm,6.175000000000001,176
26,Greedy,ttvwscm,33.17499999999999,114
26,ILP,ttvwscm,0.0,191
26,Greedy,ttvwscm,0.0,3
26,ILP,ttvwscm,7.2,158
26,Greedy,ttvwscm,14.200000000000003,198
26,ILP,ttvwscm,0.0,231
26,Greedy,ttvwscm,0.0,52
26,ILP,ttvwscm,8.225,226
26,Greedy,ttvwscm,23.249999999999986,33715
26,ILP,ttvwscm,3.25,134
26,Greedy,ttvwscm,19.224999999999987,19699
26,ILP,ttvwscm,3.2750000000000004,137
26,Greedy,ttvwscm,12.275000000000004,60042
26,ILP,ttvwscm,4.275,137
26,Greedy,ttvwscm,0.0,65
26,ILP,ttvwscm,0.0,148
26,Greedy,ttvwscm,15.350000000000005,43
26,ILP,ttvwscm,0.0,154
26,Greedy,ttvwscm,0.0,11
26,ILP,ttvwscm,0.0,140
26,Greedy,ttvwscm,13.350000000000005,350
26,ILP,ttvwscm,2.35,147
26,Greedy,ttvwscm,0.0,4255
26,ILP,ttvwscm,0.0,155
26,Greedy,ttvwscm,0.0,8584
26,ILP,ttvwscm,0.0,147
26,Greedy,ttvwscm,21.32499999999998,9567
26,ILP,ttvwscm,31.275000000000002,162
26,Greedy,ttvwscm,13.400000000000006,2233
26,ILP,ttvwscm,7.15,163
26,Greedy,ttvwscm,0.0,12
26,ILP,ttvwscm,0.0,159
26,Greedy,ttvwscm,35.424999999999976,60049
26,ILP,ttvwscm,15.3,448
27,AlphaBeta,ttc,9.0,325
27,AlphaBeta,ttv,87.0,125
27,AlphaBeta,ttc,0.0,2
27,AlphaBeta,ttv,0.0,10
27,AlphaBeta,ttc,1.0,197
27,AlphaBeta,ttv,12.0,134
27,AlphaBeta,ttc,0.0,0
27,AlphaBeta,ttv,0.0,0
27,AlphaBeta,ttc,0.0,1
27,AlphaBeta,ttv,50.0,1830
27,AlphaBeta,ttc,0.0,0
27,AlphaBeta,ttv,0.0,0
27,AlphaBeta,ttc,0.0,1
27,AlphaBeta,ttv,0.0,0
27,AlphaBeta,ttc,0.0,0
27,AlphaBeta,ttv,0.0,1
27,AlphaBeta,ttc,3.0,274
27,AlphaBeta,ttv,0.0,1
27,AlphaBeta,ttc,0.0,1
27,AlphaBeta,ttv,10.0,691
27,AlphaBeta,ttc,1.0,2695
27,AlphaBeta,ttv,7.0,31802
27,AlphaBeta,ttc,2.0,9872
27,AlphaBeta,ttv,16.0,4360
27,AlphaBeta,ttc,0.0,3
27,AlphaBeta,ttv,0.0,3
27,AlphaBeta,ttc,1.0,71
27,AlphaBeta,ttv,0.0,34
27,AlphaBeta,ttc,0.0,34
27,AlphaBeta,ttv,12.0,8174
27,AlphaBeta,ttc,3.0,4022
27,AlphaBeta,ttv,13.0,60
27,AlphaBeta,ttc,0.0,27
27,AlphaBeta,ttv,0.0,33
27,AlphaBeta,ttc,0.0,31
27,AlphaBeta,ttv,24.0,537
27,AlphaBeta,ttc,0.0,5
27,AlphaBeta,ttv,10.0,313
27,AlphaBeta,ttc,0.0,76
27,AlphaBeta,ttv,0.0,46
27,AlphaBeta,ttc,0.0,77
27,AlphaBeta,ttv,6.0,29067
27,AlphaBeta,ttc,2.0,1041
27,AlphaBeta,ttv,0.0,11
27,AlphaBeta,ttc,0.0,26
27,AlphaBeta,ttv,0.0,9
27,AlphaBeta,ttc,0.0,31
27,AlphaBeta,ttv,0.0,11
27,AlphaBeta,ttc,0.0,31
27,AlphaBeta,ttv,0.0,10
27,AlphaBeta,ttc,0.0,32
27,AlphaBeta,ttv,26.0,21453
27,AlphaBeta,ttc,1.0,4870
27,AlphaBeta,ttv,13.0,2037
27,AlphaBeta,ttc,0.0,239
27,AlphaBeta,ttv,0.0,103
27,AlphaBeta,ttc,5.0,60230
27,AlphaBeta,ttv,0.0,1000
27,AlphaBeta,ttc,0.0,1000
27,AlphaBeta,ttv,0.0,1000
27,AlphaBeta,ttc,0.0,1000
27,AlphaBeta,ttv,22.0,60155
27,AlphaBeta,ttc,2.0,49217
27,AlphaBeta,ttv,6.0,23
27,AlphaBeta,ttc,0.0,11
27,AlphaBeta,ttv,0.0,12
27,AlphaBeta,ttc,1.0,19603
27,AlphaBeta,ttv,0.0,1000
27,AlphaBeta,ttc,0.0,571
27,AlphaBeta,ttv,17.0,7000
27,AlphaBeta,ttc,0.0,1000
27,AlphaBeta,ttv,0.0,1000
27,AlphaBeta,ttc,0.0,1000
27,AlphaBeta,ttv,21.0,60449
27,AlphaBeta,ttc,6.0,60032
27,AlphaBeta,ttv,22.0,60854
27,AlphaBeta,ttc,1.0,39438
27,AlphaBeta,ttv,12.0,34843
27,AlphaBeta,ttc,0.0,818
27,AlphaBeta,ttv,0.0,1000
27,AlphaBeta,ttc,0.0,1000
27,AlphaBeta,ttv,10.0,28813
27,AlphaBeta,ttc,1.0,4308
27,AlphaBeta,ttv,0.0,400
27,AlphaBeta,ttc,0.0,107
27,AlphaBeta,ttv,0.0,945
27,AlphaBeta,ttc,1.0,2869
27,AlphaBeta,ttv,0.0,1000
27,AlphaBeta,ttc,0.0,823
27,AlphaBeta,ttv,11.0,60039
27,AlphaBeta,ttc,2.0,60029
27,AlphaBeta,ttv,9.0,7002
27,AlphaBeta,ttc,0.0,1000
27,AlphaBeta,ttv,0.0,1000
27,AlphaBeta,ttc,1.0,60784
27,AlphaBeta,ttv,20.0,60390
27,AlphaBeta,ttc,0.0,905
27,AlphaBeta,ttv,13.0,60018
27,AlphaBeta,ttc,1.0,56015
27,AlphaBeta,ttv,12.0,29005
27,AlphaBeta,ttc,0.0,1002
27,AlphaBeta,ttv,0.0,1000
27,AlphaBeta,ttc,1.0,22009
27,AlphaBeta,ttv,1.0,6011
27,AlphaBeta,ttc,0.0,1000
27,AlphaBeta,ttv,0.0,1000
27,AlphaBeta,ttc,2.0,51431
28,AlphaBeta,ttc,6.0,5
28,AlphaBeta,ttcwscm,0.0,1
28,AlphaBeta,ttc,0.0,0
28,AlphaBeta,ttcwscm,0.0,0
28,AlphaBeta,ttc,4.0,145
28,AlphaBeta,ttcwscm,1.0499999999999998,28
28,AlphaBeta,ttc,0.0,7
28,AlphaBeta,ttcwscm,0.0,30
28,AlphaBeta,ttc,0.0,8
28,AlphaBeta,ttcwscm,1.0499999999999998,23518
28,AlphaBeta,ttc,2.0,14432
28,AlphaBeta,ttcwscm,2.0749999999999997,9398
28,AlphaBeta,ttc,1.0,529
28,AlphaBeta,ttcwscm,0.0,19
28,AlphaBeta,ttc,0.0,6
28,AlphaBeta,ttcwscm,0.0,20
28,AlphaBeta,ttc,1.0,705
28,AlphaBeta,ttcwscm,4.125000000000002,699
28,AlphaBeta,ttc,0.0,3
28,AlphaBeta,ttcwscm,0.0,4
28,AlphaBeta,ttc,0.0,3
28,AlphaBeta,ttcwscm,0.0,4
28,AlphaBeta,ttc,0.0,3
28,AlphaBeta,ttcwscm,3.1749999999999994,20
28,AlphaBeta,ttc,0.0,4
28,AlphaBeta,ttcwscm,0.0,4
28,AlphaBeta,ttc,0.0,4
28,AlphaBeta,ttcwscm,1.1499999999999995,5176
28,AlphaBeta,ttc,1.0,1070
28,AlphaBeta,ttcwscm,2.1749999999999994,959
28,AlphaBeta,ttc,0.0,92
28,AlphaBeta,ttcwscm,0.0,87
28,AlphaBeta,ttc,3.0,1053
28,AlphaBeta,ttcwscm,0.0,95
28,AlphaBeta,ttc,0.0,89
28,AlphaBeta,ttcwscm,0.0,130
28,AlphaBeta,ttc,1.0,3553
28,AlphaBeta,ttcwscm,0.0,613
28,AlphaBeta,ttc,0.0,538
28,AlphaBeta,ttcwscm,3.249999999999999,60074
28,AlphaBeta,ttc,1.0,60559
28,AlphaBeta,ttcwscm,3.249999999999999,60545
28,AlphaBeta,ttc,1.0,26809
28,AlphaBeta,ttcwscm,1.274999999999999,8821
28,AlphaBeta,ttc,0.0,1000
28,AlphaBeta,ttcwscm,0.0,1000
28,AlphaBeta,ttc,0.0,1000
28,AlphaBeta,ttcwscm,1.2499999999999991,5000
28,AlphaBeta,ttc,1.0,4000
28,AlphaBeta,ttcwscm,0.0,1000
28,AlphaBeta,ttc,0.0,1000
28,AlphaBeta,ttcwscm,3.324999999999999,60011
28,AlphaBeta,ttc,0.0,1000
28,AlphaBeta,ttcwscm,0.0,1000
28,AlphaBeta,ttc,0.0,1000
28,AlphaBeta,ttcwscm,0.0,1000
28,AlphaBeta,ttc,2.0,60169
28,AlphaBeta,ttcwscm,3.299999999999999,60038
28,AlphaBeta,ttc,3.0,37001
28,AlphaBeta,ttcwscm,0.0,1000
28,AlphaBeta,ttc,0.0,1000
28,AlphaBeta,ttcwscm,0.0,1000
28,AlphaBeta,ttc,0.0,1000
28,AlphaBeta,ttcwscm,1.3249999999999988,10005
28,AlphaBeta,ttc,1.0,5000
28,AlphaBeta,ttcwscm,0.0,1000
28,AlphaBeta,ttc,0.0,1000
28,AlphaBeta,ttcwscm,0.0,1000
28,AlphaBeta,ttc,0.0,1006
28,AlphaBeta,ttcwscm,2.3749999999999987,60317
28,AlphaBeta,ttc,4.0,60193
28,AlphaBeta,ttcwscm,0.0,1005
28,AlphaBeta,ttc,0.0,1000
28,AlphaBeta,ttcwscm,0.0,1000
28,AlphaBeta,ttc,1.0,11000
28,AlphaBeta,ttcwscm,1.4499999999999984,4000
28,AlphaBeta,ttc,0.0,1000
28,AlphaBeta,ttcwscm,0.0,1000
28,AlphaBeta,ttc,0.0,1000
28,AlphaBeta,ttcwscm,1.4499999999999984,2000
28,AlphaBeta,ttc,0.0,1000
28,AlphaBeta,ttcwscm,0.0,1000
28,AlphaBeta,ttc,1.0,4000
28,AlphaBeta,ttcwscm,0.0,1000
28,AlphaBeta,ttc,0.0,1000
28,AlphaBeta,ttcwscm,1.4749999999999983,7000
28,AlphaBeta,ttc,0.0,1000
28,AlphaBeta,ttcwscm,0.0,1000
28,AlphaBeta,ttc,1.0,46144
28,AlphaBeta,ttcwscm,0.0,1000
28,AlphaBeta,ttc,0.0,1000
28,AlphaBeta,ttcwscm,3.4499999999999984,60022
28,AlphaBeta,ttc,2.0,60016
28,AlphaBeta,ttcwscm,1.4249999999999985,60028
28,AlphaBeta,ttc,2.0,60004
28,AlphaBeta,ttcwscm,1.4999999999999982,2000
28,AlphaBeta,ttc,0.0,1000
28,AlphaBeta,ttcwscm,0.0,1000
28,AlphaBeta,ttc,1.0,32032
28,AlphaBeta,ttcwscm,1.4999999999999982,60024
28,AlphaBeta,ttc,1.0,13003
28,AlphaBeta,ttcwscm,0.0,1000
28,AlphaBeta,ttc,0.0,1000
28,AlphaBeta,ttcwscm,1.549999999999998,35244
28,AlphaBeta,ttc,1.0,14013
28,AlphaBeta,ttcwscm,0.0,1000
28,AlphaBeta,ttc,0.0,1000
28,AlphaBeta,ttcwscm,1.4999999999999984,17014
28,AlphaBeta,ttc,1.0,14000
28,AlphaBeta,ttcwscm,0.0,1000
28,AlphaBeta,ttc,0.0,1000
28,AlphaBeta,ttcwscm,1.4999999999999982,60008
28,AlphaBeta,ttc,1.0,14000
28,AlphaBeta,ttcwscm,1.574999999999998,18023
28,AlphaBeta,ttc,1.0,2000
28,AlphaBeta,ttcwscm,0.0,1000
28,AlphaBeta,ttc,0.0,1000
28,AlphaBeta,ttcwscm,1.6749999999999976,60033
28,AlphaBeta,ttc,1.0,60104
28,AlphaBeta,ttcwscm,1.5999999999999979,1166
29,AlphaBeta,ttc,4.0,23
29,AlphaBeta,ttvwscm,26.0,3
29,AlphaBeta,ttc,0.0,0
29,AlphaBeta,ttvwscm,0.0,1
29,AlphaBeta,ttc,0.0,1
29,AlphaBeta,ttvwscm,0.0,1
29,AlphaBeta,ttc,0.0,1
29,AlphaBeta,ttvwscm,0.0,0
29,AlphaBeta,ttc,1.0,103
29,AlphaBeta,ttvwscm,22.049999999999997,52
29,AlphaBeta,ttc,0.0,7
29,AlphaBeta,ttvwscm,0.0,15
29,AlphaBeta,ttc,0.0,7
29,AlphaBeta,ttvwscm,22.074999999999996,1565
29,AlphaBeta,ttc,3.0,648
29,AlphaBeta,ttvwscm,0.0,9
29,AlphaBeta,ttc,0.0,5
29,AlphaBeta,ttvwscm,0.0,9
29,AlphaBeta,ttc,1.0,24674
29,AlphaBeta,ttvwscm,26.099999999999994,1033
29,AlphaBeta,ttc,0.0,6
29,AlphaBeta,ttvwscm,0.0,6
29,AlphaBeta,ttc,0.0,6
29,AlphaBeta,ttvwscm,54.14999999999999,60068
29,AlphaBeta,ttc,3.0,45
29,AlphaBeta,ttvwscm,0.0,9
29,AlphaBeta,ttc,0.0,6
29,AlphaBeta,ttvwscm,0.0,6
29,AlphaBeta,ttc,0.0,6
29,AlphaBeta,ttvwscm,2.1749999999999994,10
29,AlphaBeta,ttc,3.0,2
29,AlphaBeta,ttvwscm,0.0,1
29,AlphaBeta,ttc,0.0,1
29,AlphaBeta,ttvwscm,0.0,0
29,AlphaBeta,ttc,1.0,128
29,AlphaBeta,ttvwscm,0.0,13
29,AlphaBeta,ttc,0.0,26
29,AlphaBeta,ttvwscm,0.0,25
29,AlphaBeta,ttc,3.0,60125
29,AlphaBeta,ttvwscm,17.224999999999987,60103
29,AlphaBeta,ttc,1.0,3647
29,AlphaBeta,ttvwscm,12.275000000000004,385
29,AlphaBeta,ttc,0.0,3
29,AlphaBeta,ttvwscm,0.0,3
29,AlphaBeta,ttc,3.0,60912
29,AlphaBeta,ttvwscm,11.325000000000005,19694
29,AlphaBeta,ttc,0.0,462
29,AlphaBeta,ttvwscm,0.0,511
29,AlphaBeta,ttc,1.0,12434
29,AlphaBeta,ttvwscm,13.325000000000005,3437
29,AlphaBeta,ttc,0.0,459
29,AlphaBeta,ttvwscm,0.0,318
29,AlphaBeta,ttc,0.0,461
29,AlphaBeta,ttvwscm,0.0,353
29,AlphaBeta,ttc,0.0,479
29,AlphaBeta,ttvwscm,5.350000000000005,1020
29,AlphaBeta,ttc,0.0,7
29,AlphaBeta,ttvwscm,0.0,3
29,AlphaBeta,ttc,2.0,410
29,AlphaBeta,ttvwscm,0.0,0
29,AlphaBeta,ttc,0.0,1
29,AlphaBeta,ttvwscm,11.400000000000006,484
29,AlphaBeta,ttc,1.0,486
29,AlphaBeta,ttvwscm,9.375000000000005,89
29,AlphaBeta,ttc,1.0,9
29,AlphaBeta,ttvwscm,0.0,3
29,AlphaBeta,ttc,0.0,3
29,AlphaBeta,ttvwscm,0.0,3
29,AlphaBeta,ttc,0.0,3
29,AlphaBeta,ttvwscm,9.425000000000006,60313
29,AlphaBeta,ttc,3.0,60147
29,AlphaBeta,ttvwscm,0.0,22
29,AlphaBeta,ttc,0.0,22
29,AlphaBeta,ttvwscm,15.450000000000006,25870
29,AlphaBeta,ttc,0.0,566
29,AlphaBeta,ttvwscm,12.450000000000006,60078
29,AlphaBeta,ttc,1.0,60510
29,AlphaBeta,ttvwscm,16.39999999999998,24355
29,AlphaBeta,ttc,1.0,678
29,AlphaBeta,ttvwscm,10.500000000000007,347
29,AlphaBeta,ttc,0.0,76
29,AlphaBeta,ttvwscm,0.0,76
29,AlphaBeta,ttc,1.0,49005
29,AlphaBeta,ttvwscm,8.500000000000007,12000
29,AlphaBeta,ttc,0.0,1000
29,AlphaBeta,ttvwscm,9.475000000000007,1055
29,AlphaBeta,ttc,2.0,48
29,AlphaBeta,ttvwscm,0.0,1
29,AlphaBeta,ttc,0.0,1
29,AlphaBeta,ttvwscm,12.550000000000008,24
29,AlphaBeta,ttc,0.0,12
29,AlphaBeta,ttvwscm,0.0,10
29,AlphaBeta,ttc,0.0,14
29,AlphaBeta,ttvwscm,15.550000000000008,60512
29,AlphaBeta,ttc,4.0,60692
29,AlphaBeta,ttvwscm,0.0,1000
29,AlphaBeta,ttc,0.0,1000
29,AlphaBeta,ttvwscm,10.475000000000007,60951
29,AlphaBeta,ttc,1.0,60039
29,AlphaBeta,ttvwscm,3.599999999999998,17012
30,AlphaBeta,ttv,0.0,1
30,AlphaBeta,ttcwscm,4.0,245
30,AlphaBeta,ttv,13.0,129
30,AlphaBeta,ttcwscm,1.0,85
30,AlphaBeta,ttv,34.0,123
30,AlphaBeta,ttcwscm,1.0499999999999998,11
30,AlphaBeta,ttv,33.0,5
30,AlphaBeta,ttcwscm,0.0,0
30,AlphaBeta,ttv,0.0,1
30,AlphaBeta,ttcwscm,3.0999999999999996,7
30,AlphaBeta,ttv,5.0,4
30,AlphaBeta,ttcwscm,0.0,1
30,AlphaBeta,ttv,0.0,1
30,AlphaBeta,ttcwscm,0.0,3
30,AlphaBeta,ttv,18.0,7
30,AlphaBeta,ttcwscm,0.0,3
30,AlphaBeta,ttv,0.0,2
30,AlphaBeta,ttcwscm,0.0,3
30,AlphaBeta,ttv,0.0,2
30,AlphaBeta,ttcwscm,0.0,3
30,AlphaBeta,ttv,24.0,8
30,AlphaBeta,ttcwscm,0.0,3
30,AlphaBeta,ttv,0.0,2
30,AlphaBeta,ttcwscm,0.0,3
30,AlphaBeta,ttv,0.0,2
30,AlphaBeta,ttcwscm,0.0,5
30,AlphaBeta,ttv,52.0,60853
30,AlphaBeta,ttcwscm,1.1749999999999994,60
30,AlphaBeta,ttv,0.0,11
30,AlphaBeta,ttcwscm,0.0,37
30,AlphaBeta,ttv,0.0,12
30,AlphaBeta,ttcwscm,0.0,34
30,AlphaBeta,ttv,0.0,15
30,AlphaBeta,ttcwscm,2.1749999999999994,92
30,AlphaBeta,ttv,0.0,4
30,AlphaBeta,ttcwscm,0.0,10
30,AlphaBeta,ttv,42.0,60142
30,AlphaBeta,ttcwscm,2.1999999999999993,60658
30,AlphaBeta,ttv,23.0,20606
30,AlphaBeta,ttcwscm,2.1999999999999993,8177
30,AlphaBeta,ttv,0.0,14
30,AlphaBeta,ttcwscm,0.0,95
30,AlphaBeta,ttv,27.0,60212
30,AlphaBeta,ttcwscm,6.275000000000003,60030
30,AlphaBeta,ttv,9.0,104
30,AlphaBeta,ttcwscm,0.0,80
30,AlphaBeta,ttv,0.0,11
30,AlphaBeta,ttcwscm,0.0,129
30,AlphaBeta,ttv,0.0,12
30,AlphaBeta,ttcwscm,0.0,86
30,AlphaBeta,ttv,0.0,13
30,AlphaBeta,ttcwscm,0.0,94
30,AlphaBeta,ttv,0.0,20
30,AlphaBeta,ttcwscm,0.0,120
30,AlphaBeta,ttv,24.0,18117
30,AlphaBeta,ttcwscm,3.299999999999999,60635
30,AlphaBeta,ttv,2.0,60004
30,AlphaBeta,ttcwscm,1.374999999999999,60000
30,AlphaBeta,ttv,12.0,5000
30,AlphaBeta,ttcwscm,0.0,1000
30,AlphaBeta,ttv,0.0,1000
30,AlphaBeta,ttcwscm,2.3749999999999987,60555
30,AlphaBeta,ttv,8.0,8000
30,AlphaBeta,ttcwscm,1.3999999999999988,5000
30,AlphaBeta,ttv,0.0,1000
30,AlphaBeta,ttcwscm,0.0,1000
30,AlphaBeta,ttv,8.0,14003
30,AlphaBeta,ttcwscm,1.349999999999999,22005
30,AlphaBeta,ttv,17.0,6000
30,AlphaBeta,ttcwscm,0.0,1000
30,AlphaBeta,ttv,12.0,60003
30,AlphaBeta,ttcwscm,3.3999999999999986,60020
30,AlphaBeta,ttv,2.0,3000
30,AlphaBeta,ttcwscm,1.4249999999999987,2000
30,AlphaBeta,ttv,0.0,1000
30,AlphaBeta,ttcwscm,0.0,1000
30,AlphaBeta,ttv,6.0,11005
30,AlphaBeta,ttcwscm,1.4749999999999985,3000
30,AlphaBeta,ttv,0.0,1000
30,AlphaBeta,ttcwscm,0.0,1000
30,AlphaBeta,ttv,8.0,7000
30,AlphaBeta,ttcwscm,1.4749999999999985,7009
30,AlphaBeta,ttv,5.0,2000
31,AlphaBeta,ttv,18.0,2
31,AlphaBeta,ttvwscm,0.0,1
31,AlphaBeta,ttv,0.0,1
31,AlphaBeta,ttvwscm,0.0,0
31,AlphaBeta,ttv,0.0,0
31,AlphaBeta,ttvwscm,0.0,1
31,AlphaBeta,ttv,24.0,2
31,AlphaBeta,ttvwscm,0.0,1
31,AlphaBeta,ttv,0.0,1
31,AlphaBeta,ttvwscm,18.049999999999997,2
31,AlphaBeta,ttv,0.0,1
31,AlphaBeta,ttvwscm,0.0,1
31,AlphaBeta,ttv,8.0,35
31,AlphaBeta,ttvwscm,16.05,17
31,AlphaBeta,ttv,0.0,0
31,AlphaBeta,ttvwscm,0.0,0
31,AlphaBeta,ttv,0.0,1
31,AlphaBeta,ttvwscm,0.0,1
31,AlphaBeta,ttv,56.0,43064
31,AlphaBeta,ttvwscm,16.075,60102
31,AlphaBeta,ttv,3.0,25754
31,AlphaBeta,ttvwscm,40.14999999999999,1599
31,AlphaBeta,ttv,0.0,2
31,AlphaBeta,ttvwscm,0.0,2
31,AlphaBeta,ttv,0.0,2
31,AlphaBeta,ttvwscm,36.17499999999999,60440
31,AlphaBeta,ttv,20.0,28
31,AlphaBeta,ttvwscm,0.0,2
31,AlphaBeta,ttv,0.0,2
31,AlphaBeta,ttvwscm,0.0,3
31,AlphaBeta,ttv,10.0,1575
31,AlphaBeta,ttvwscm,0.0,391
31,AlphaBeta,ttv,0.0,54
31,AlphaBeta,ttvwscm,0.0,415
31,AlphaBeta,ttv,0.0,61
31,AlphaBeta,ttvwscm,29.22499999999999,60337
31,AlphaBeta,ttv,18.0,60064
31,AlphaBeta,ttvwscm,29.24999999999999,60712
31,AlphaBeta,ttv,20.0,60045
31,AlphaBeta,ttvwscm,25.274999999999988,60123
31,AlphaBeta,ttv,11.0,60092
31,AlphaBeta,ttvwscm,21.299999999999986,60016
31,AlphaBeta,ttv,18.0,60064
31,AlphaBeta,ttvwscm,25.324999999999985,1146
31,AlphaBeta,ttv,13.0,11
31,AlphaBeta,ttvwscm,0.0,8
31,AlphaBeta,ttv,0.0,3
31,AlphaBeta,ttvwscm,17.349999999999984,8801
31,AlphaBeta,ttv,0.0,174
31,AlphaBeta,ttvwscm,0.0,782
31,AlphaBeta,ttv,0.0,181
31,AlphaBeta,ttvwscm,0.0,1000
31,AlphaBeta,ttv,0.0,196
31,AlphaBeta,ttvwscm,0.0,1000
31,AlphaBeta,ttv,19.0,60951
31,AlphaBeta,ttvwscm,32.37499999999998,49
31,AlphaBeta,ttv,0.0,2
31,AlphaBeta,ttvwscm,0.0,2
31,AlphaBeta,ttv,0.0,1
31,AlphaBeta,ttvwscm,0.0,3
31,AlphaBeta,ttv,26.0,60288
31,AlphaBeta,ttvwscm,10.425000000000006,5145
31,AlphaBeta,ttv,17.0,3854
31,AlphaBeta,ttvwscm,0.0,349
31,AlphaBeta,ttv,0.0,88
31,AlphaBeta,ttvwscm,0.0,357
31,AlphaBeta,ttv,18.0,60026
31,AlphaBeta,ttvwscm,21.42499999999998,56021
31,AlphaBeta,ttv,0.0,1001
31,AlphaBeta,ttvwscm,14.375000000000005,4126
31,AlphaBeta,ttv,0.0,1000
31,AlphaBeta,ttvwscm,0.0,1000
31,AlphaBeta,ttv,0.0,1000
31,AlphaBeta,ttvwscm,0.0,1000
31,AlphaBeta,ttv,17.0,31011
31,AlphaBeta,ttvwscm,33.32499999999998,20001
31,AlphaBeta,ttv,0.0,1000
31,AlphaBeta,ttvwscm,0.0,908
31,AlphaBeta,ttv,14.0,25006
31,AlphaBeta,ttvwscm,0.0,1004
31,AlphaBeta,ttv,0.0,1000
31,AlphaBeta,ttvwscm,0.0,1000
31,AlphaBeta,ttv,0.0,1000
31,AlphaBeta,ttvwscm,47.34999999999998,60175
31,AlphaBeta,ttv,16.0,60013
31,AlphaBeta,ttvwscm,24.47499999999998,34787
31,AlphaBeta,ttv,19.0,8685
31,AlphaBeta,ttvwscm,0.0,677
31,AlphaBeta,ttv,0.0,992
31,AlphaBeta,ttvwscm,16.524999999999977,60050
31,AlphaBeta,ttv,17.0,60588
31,AlphaBeta,ttvwscm,7.575000000000006,1023
32,AlphaBeta,ttcwscm,3.0,134
32,AlphaBeta,ttvwscm,64.025,336
32,AlphaBeta,ttcwscm,0.0,1
32,AlphaBeta,ttvwscm,0.0,1
32,AlphaBeta,ttcwscm,0.0,0
32,AlphaBeta,ttvwscm,0.0,1
32,AlphaBeta,ttcwscm,0.0,1
32,AlphaBeta,ttvwscm,0.0,0
32,AlphaBeta,ttcwscm,0.0,0
32,AlphaBeta,ttvwscm,0.0,1
32,AlphaBeta,ttcwscm,0.0,1
32,AlphaBeta,ttvwscm,0.0,0
32,AlphaBeta,ttcwscm,0.0,1
32,AlphaBeta,ttvwscm,9.05,3
32,AlphaBeta,ttcwscm,3.0749999999999997,2
32,AlphaBeta,ttvwscm,0.0,1
32,AlphaBeta,ttcwscm,0.0,3
32,AlphaBeta,ttvwscm,27.099999999999994,2906
32,AlphaBeta,ttcwscm,2.0749999999999997,2911
32,AlphaBeta,ttvwscm,10.075000000000001,236
32,AlphaBeta,ttcwscm,0.0,1
32,AlphaBeta,ttvwscm,0.0,2
32,AlphaBeta,ttcwscm,0.0,1
32,AlphaBeta,ttvwscm,15.150000000000002,454
32,AlphaBeta,ttcwscm,1.1499999999999995,1581
32,AlphaBeta,ttvwscm,6.125000000000002,299
32,AlphaBeta,ttcwscm,1.1499999999999995,88
32,AlphaBeta,ttvwscm,0.0,1
32,AlphaBeta,ttcwscm,0.0,1
32,AlphaBeta,ttvwscm,0.0,0
32,AlphaBeta,ttcwscm,3.1999999999999993,7
32,AlphaBeta,ttvwscm,0.0,0
32,AlphaBeta,ttcwscm,0.0,1
32,AlphaBeta,ttvwscm,0.0,1
32,AlphaBeta,ttcwscm,0.0,0
32,AlphaBeta,ttvwscm,6.200000000000003,40
32,AlphaBeta,ttcwscm,1.1999999999999993,24
32,AlphaBeta,ttvwscm,0.0,6
32,AlphaBeta,ttcwscm,0.0,11
32,AlphaBeta,ttvwscm,0.0,6
32,AlphaBeta,ttcwscm,0.0,11
32,AlphaBeta,ttvwscm,39.22499999999999,6217
32,AlphaBeta,ttcwscm,1.2249999999999992,5823
32,AlphaBeta,ttvwscm,0.0,114
32,AlphaBeta,ttcwscm,0.0,1000
32,AlphaBeta,ttvwscm,0.0,117
32,AlphaBeta,ttcwscm,3.249999999999999,5276
32,AlphaBeta,ttvwscm,0.0,119
32,AlphaBeta,ttcwscm,0.0,762
32,AlphaBeta,ttvwscm,0.0,123
32,AlphaBeta,ttcwscm,0.0,770
32,AlphaBeta,ttvwscm,0.0,126
32,AlphaBeta,ttcwscm,2.249999999999999,60202
32,AlphaBeta,ttvwscm,2.274999999999999,52868
32,AlphaBeta,ttcwscm,3.249999999999999,60829
32,AlphaBeta,ttvwscm,0.0,123
32,AlphaBeta,ttcwscm,0.0,731
32,AlphaBeta,ttvwscm,0.0,393
32,AlphaBeta,ttcwscm,2.299999999999999,60823
32,AlphaBeta,ttvwscm,15.250000000000004,60159
32,AlphaBeta,ttcwscm,1.349999999999999,24806
32,AlphaBeta,ttvwscm,24.299999999999986,45197
32,AlphaBeta,ttcwscm,1.374999999999999,11868
32,AlphaBeta,ttvwscm,6.375000000000004,8621
32,AlphaBeta,ttcwscm,0.0,1000
32,AlphaBeta,ttvwscm,0.0,618
32,AlphaBeta,ttcwscm,0.0,1000
32,AlphaBeta,ttvwscm,23.349999999999984,2656
32,AlphaBeta,ttcwscm,2.3999999999999986,1602
32,AlphaBeta,ttvwscm,7.400000000000005,1301
32,AlphaBeta,ttcwscm,0.0,118
32,AlphaBeta,ttvwscm,0.0,154
32,AlphaBeta,ttcwscm,0.0,139
32,AlphaBeta,ttvwscm,0.0,162
32,AlphaBeta,ttcwscm,0.0,134
32,AlphaBeta,ttvwscm,40.34999999999998,60469
32,AlphaBeta,ttcwscm,3.4499999999999984,60396
32,AlphaBeta,ttvwscm,25.449999999999978,60738
32,AlphaBeta,ttcwscm,0.0,4
32,AlphaBeta,ttvwscm,1.4999999999999984,146
32,AlphaBeta,ttcwscm,0.0,43
32,AlphaBeta,ttvwscm,0.0,66
32,AlphaBeta,ttcwscm,0.0,83
32,AlphaBeta,ttvwscm,18.42499999999998,25159
32,AlphaBeta,ttcwscm,0.0,2
32,AlphaBeta,ttvwscm,0.0,2
32,AlphaBeta,ttcwscm,3.524999999999998,60885
32,AlphaBeta,ttvwscm,11.550000000000008,277
32,AlphaBeta,ttcwscm,2.549999999999998,85
32,AlphaBeta,ttvwscm,0.0,1
32,AlphaBeta,ttcwscm,0.0,1
32,AlphaBeta,ttvwscm,23.524999999999974,60321
32,AlphaBeta,ttcwscm,1.5749999999999982,1229
32,AlphaBeta,ttvwscm,1.599999999999998,3
32,AlphaBeta,ttcwscm,0.0,1
32,AlphaBeta,ttvwscm,0.0,0
32,AlphaBeta,ttcwscm,2.599999999999998,60480
32,AlphaBeta,ttvwscm,13.625000000000009,88
32,AlphaBeta,ttcwscm,0.0,5
32,AlphaBeta,ttvwscm,0.0,7
32,AlphaBeta,ttcwscm,2.549999999999998,60654
32,AlphaBeta,ttvwscm,16.624999999999964,20808
32,AlphaBeta,ttcwscm,0.0,10
32,AlphaBeta,ttvwscm,13.65000000000001,60265
32,AlphaBeta,ttcwscm,2.599999999999998,38033
32,AlphaBeta,ttvwscm,0.0,1
32,AlphaBeta,ttcwscm,0.0,1
32,AlphaBeta,ttvwscm,20.649999999999963,60033
32,AlphaBeta,ttcwscm,1.6749999999999976,60033
32,AlphaBeta,ttvwscm,0.0,1000
32,AlphaBeta,ttcwscm,0.0,1000
32,AlphaBeta,ttvwscm,15.625000000000009,60392
32,AlphaBeta,ttcwscm,1.6999999999999975,60066
32,AlphaBeta,ttvwscm,2.624999999999998,45114
33,AlphaBeta,ttc,3.0,3
33,ILP,ttc,0.0,75
33,AlphaBeta,ttc,0.0,1
33,ILP,ttc,4.0,74
33,AlphaBeta,ttc,1.0,294
33,ILP,ttc,2.0,74
33,AlphaBeta,ttc,3.0,1281
33,ILP,ttc,0.0,73
33,AlphaBeta,ttc,0.0,2
33,ILP,ttc,1.0,73
33,AlphaBeta,ttc,3.0,27
33,ILP,ttc,0.0,79
33,AlphaBeta,ttc,0.0,18
33,ILP,ttc,1.0,81
33,AlphaBeta,ttc,0.0,1
33,ILP,ttc,0.0,74
33,AlphaBeta,ttc,0.0,0
33,ILP,ttc,0.0,79
33,AlphaBeta,ttc,0.0,0
33,ILP,ttc,3.0,77
33,AlphaBeta,ttc,3.0,31113
33,ILP,ttc,1.0,75
33,AlphaBeta,ttc,0.0,4
33,ILP,ttc,0.0,75
33,AlphaBeta,ttc,0.0,2
33,ILP,ttc,0.0,78
33,AlphaBeta,ttc,0.0,2
33,ILP,ttc,0.0,76
33,AlphaBeta,ttc,0.0,2
33,ILP,ttc,0.0,75
33,AlphaBeta,ttc,0.0,2
33,ILP,ttc,0.0,81
33,AlphaBeta,ttc,0.0,4
33,ILP,ttc,0.0,82
33,AlphaBeta,ttc,0.0,2
33,ILP,ttc,2.0,76
33,AlphaBeta,ttc,0.0,1
33,ILP,ttc,0.0,82
33,AlphaBeta,ttc,0.0,1
33,ILP,ttc,2.0,84
33,AlphaBeta,ttc,3.0,195
33,ILP,ttc,2.0,90
33,AlphaBeta,ttc,3.0,18753
33,ILP,ttc,0.0,77
33,AlphaBeta,ttc,0.0,22
33,ILP,ttc,1.0,76
33,AlphaBeta,ttc,1.0,417
33,ILP,ttc,0.0,76
33,AlphaBeta,ttc,0.0,1
33,ILP,ttc,0.0,78
33,AlphaBeta,ttc,0.0,1
33,ILP,ttc,0.0,85
33,AlphaBeta,ttc,1.0,58
33,ILP,ttc,0.0,83
33,AlphaBeta,ttc,0.0,7
33,ILP,ttc,0.0,85
33,AlphaBeta,ttc,3.0,60035
33,ILP,ttc,3.0,88
33,AlphaBeta,ttc,1.0,58009
33,ILP,ttc,3.0,91
33,AlphaBeta,ttc,2.0,60005
33,ILP,ttc,0.0,86
33,AlphaBeta,ttc,0.0,1000
33,ILP,ttc,0.0,89
33,AlphaBeta,ttc,0.0,1000
33,ILP,ttc,0.0,90
33,AlphaBeta,ttc,1.0,19013
33,ILP,ttc,1.0,90
33,AlphaBeta,ttc,0.0,1000
33,ILP,ttc,0.0,88
33,AlphaBeta,ttc,0.0,1000
33,ILP,ttc,0.0,88
33,AlphaBeta,ttc,0.0,1000
33,ILP,ttc,2.0,99
33,AlphaBeta,ttc,3.0,60030
33,ILP,ttc,3.0,95
33,AlphaBeta,ttc,2.0,46003
33,ILP,ttc,1.0,123
33,AlphaBeta,ttc,1.0,8018
33,ILP,ttc,1.0,123
33,AlphaBeta,ttc,1.0,12001
33,ILP,ttc,0.0,99
33,AlphaBeta,ttc,0.0,1000
33,ILP,ttc,1.0,98
33,AlphaBeta,ttc,1.0,5008
33,ILP,ttc,0.0,114
33,AlphaBeta,ttc,1.0,12009
33,ILP,ttc,2.0,96
33,AlphaBeta,ttc,2.0,20472
34,AlphaBeta,ttc,6.0,27
34,ILP,ttv,12.0,74
34,AlphaBeta,ttc,0.0,1
34,ILP,ttv,0.0,75
34,AlphaBeta,ttc,3.0,2
34,ILP,ttv,0.0,84
34,AlphaBeta,ttc,0.0,0
34,ILP,ttv,27.0,76
34,AlphaBeta,ttc,0.0,0
34,ILP,ttv,0.0,82
34,AlphaBeta,ttc,0.0,1
34,ILP,ttv,12.0,78
34,AlphaBeta,ttc,0.0,6
34,ILP,ttv,0.0,74
34,AlphaBeta,ttc,0.0,4
34,ILP,ttv,0.0,79
34,AlphaBeta,ttc,0.0,4
34,ILP,ttv,0.0,79
34,AlphaBeta,ttc,0.0,4
34,ILP,ttv,0.0,77
34,AlphaBeta,ttc,3.0,31979
34,ILP,ttv,33.0,76
34,AlphaBeta,ttc,3.0,60513
34,ILP,ttv,2.0,76
34,AlphaBeta,ttc,2.0,60489
34,ILP,ttv,37.0,78
34,AlphaBeta,ttc,0.0,1000
34,ILP,ttv,0.0,76
34,AlphaBeta,ttc,0.0,1000
34,ILP,ttv,2.0,76
34,AlphaBeta,ttc,1.0,3003
34,ILP,ttv,0.0,76
34,AlphaBeta,ttc,0.0,1000
34,ILP,ttv,0.0,75
34,AlphaBeta,ttc,0.0,1000
34,ILP,ttv,0.0,76
34,AlphaBeta,ttc,0.0,1000
34,ILP,ttv,1.0,77
34,AlphaBeta,ttc,0.0,1000
34,ILP,ttv,0.0,76
34,AlphaBeta,ttc,0.0,1000
34,ILP,ttv,1.0,76
34,AlphaBeta,ttc,2.0,42633
34,ILP,ttv,12.0,76
34,AlphaBeta,ttc,0.0,1000
34,ILP,ttv,0.0,77
34,AlphaBeta,ttc,3.0,60102
34,ILP,ttv,7.0,77
34,AlphaBeta,ttc,0.0,1000
34,ILP,ttv,0.0,76
34,AlphaBeta,ttc,0.0,1000
34,ILP,ttv,0.0,77
34,AlphaBeta,ttc,0.0,1000
34,ILP,ttv,3.0,77
34,AlphaBeta,ttc,1.0,5000
34,ILP,ttv,13.0,77
34,AlphaBeta,ttc,1.0,3006
34,ILP,ttv,0.0,76
34,AlphaBeta,ttc,0.0,1000
34,ILP,ttv,0.0,79
34,AlphaBeta,ttc,0.0,1000
34,ILP,ttv,10.0,80
34,AlphaBeta,ttc,1.0,13002
34,ILP,ttv,21.0,82
34,AlphaBeta,ttc,4.0,17941
34,ILP,ttv,0.0,79
34,AlphaBeta,ttc,0.0,1000
34,ILP,ttv,10.0,80
34,AlphaBeta,ttc,0.0,1000
34,ILP,ttv,0.0,79
34,AlphaBeta,ttc,0.0,1000
34,ILP,ttv,11.0,84
34,AlphaBeta,ttc,4.0,18078
34,ILP,ttv,0.0,80
34,AlphaBeta,ttc,0.0,121
34,ILP,ttv,0.0,93
34,AlphaBeta,ttc,2.0,60454
34,ILP,ttv,9.0,129
34,AlphaBeta,ttc,0.0,1000
34,ILP,ttv,0.0,89
34,AlphaBeta,ttc,1.0,38004
34,ILP,ttv,0.0,90
34,AlphaBeta,ttc,0.0,1000
34,ILP,ttv,38.0,382
35,AlphaBeta,ttc,3.0,4
35,ILP,ttcwscm,3.0250000000000004,135
35,AlphaBeta,ttc,0.0,1
35,ILP,ttcwscm,0.0,145
35,AlphaBeta,ttc,0.0,0
35,ILP,ttcwscm,0.0,128
35,AlphaBeta,ttc,1.0,6
35,ILP,ttcwscm,0.0,146
35,AlphaBeta,ttc,0.0,3
35,ILP,ttcwscm,1.0250000000000001,140
35,AlphaBeta,ttc,0.0,14
35,ILP,ttcwscm,0.0,155
35,AlphaBeta,ttc,0.0,45
35,ILP,ttcwscm,3.0500000000000003,181
35,AlphaBeta,ttc,6.0,60555
35,ILP,ttcwscm,1.1,150
35,AlphaBeta,ttc,1.0,1482
35,ILP,ttcwscm,0.0,184
35,AlphaBeta,ttc,0.0,548
35,ILP,ttcwscm,3.1,183
35,AlphaBeta,ttc,4.0,60208
35,ILP,ttcwscm,2.125,263
35,AlphaBeta,ttc,0.0,978
35,ILP,ttcwscm,0.0,259
35,AlphaBeta,ttc,0.0,941
35,ILP,ttcwscm,0.0,273
35,AlphaBeta,ttc,1.0,13007
35,ILP,ttcwscm,2.1750000000000003,206
35,AlphaBeta,ttc,0.0,960
35,ILP,ttcwscm,0.0,215
35,AlphaBeta,ttc,2.0,2383
35,ILP,ttcwscm,3.25,358
35,AlphaBeta,ttc,0.0,84
35,ILP,ttcwscm,0.0,319
35,AlphaBeta,ttc,0.0,75
35,ILP,ttcwscm,0.0,350
35,AlphaBeta,ttc,1.0,5043
35,ILP,ttcwscm,0.0,454
35,AlphaBeta,ttc,0.0,2
35,ILP,ttcwscm,2.25,385
35,AlphaBeta,ttc,0.0,1000
35,ILP,ttcwscm,0.0,377
35,AlphaBeta,ttc,3.0,53284
35,ILP,ttcwscm,2.2,495
35,AlphaBeta,ttc,1.0,1619
35,ILP,ttcwscm,1.3250000000000002,674
35,AlphaBeta,ttc,1.0,846
35,ILP,ttcwscm,1.3,570
35,AlphaBeta,ttc,0.0,144
35,ILP,ttcwscm,0.0,566
35,AlphaBeta,ttc,2.0,9612
35,ILP,ttcwscm,2.275,807
35,AlphaBeta,ttc,1.0,2001
35,ILP,ttcwscm,0.0,758
35,AlphaBeta,ttc,0.0,1000
35,ILP,ttcwscm,1.375,821
35,AlphaBeta,ttc,2.0,43015
36,AlphaBeta,ttc,6.0,15925
36,ILP,ttvwscm,51.0,130
36,AlphaBeta,ttc,0.0,3
36,ILP,ttvwscm,0.0,143
36,AlphaBeta,ttc,0.0,3
36,ILP,ttvwscm,0.0,131
36,AlphaBeta,ttc,3.0,111
36,ILP,ttvwscm,0.0,148
36,AlphaBeta,ttc,0.0,2
36,ILP,ttvwscm,0.0,147
36,AlphaBeta,ttc,0.0,3
36,ILP,ttvwscm,30.1,133
36,AlphaBeta,ttc,0.0,3
36,ILP,ttvwscm,0.0,146
36,AlphaBeta,ttc,0.0,3
36,ILP,ttvwscm,0.0,132
36,AlphaBeta,ttc,0.0,2
36,ILP,ttvwscm,6.15,145
36,AlphaBeta,ttc,0.0,4
36,ILP,ttvwscm,0.0,132
36,AlphaBeta,ttc,0.0,2
36,ILP,ttvwscm,0.0,149
36,AlphaBeta,ttc,0.0,4
36,ILP,ttvwscm,28.15,143
36,AlphaBeta,ttc,3.0,89
36,ILP,ttvwscm,7.2,194
36,AlphaBeta,ttc,0.0,35
36,ILP,ttvwscm,0.0,143
36,AlphaBeta,ttc,1.0,3505
36,ILP,ttvwscm,0.0,128
36,AlphaBeta,ttc,0.0,724
36,ILP,ttvwscm,0.0,127
36,AlphaBeta,ttc,0.0,735
36,ILP,ttvwscm,0.0,127
36,AlphaBeta,ttc,0.0,748
36,ILP,ttvwscm,0.0,128
36,AlphaBeta,ttc,1.0,7724
36,ILP,ttvwscm,24.150000000000002,134
36,AlphaBeta,ttc,1.0,6098
36,ILP,ttvwscm,8.175,132
36,AlphaBeta,ttc,2.0,60035
36,ILP,ttvwscm,4.275,134
36,AlphaBeta,ttc,1.0,1358
36,ILP,ttvwscm,0.0,131
36,AlphaBeta,ttc,0.0,258
36,ILP,ttvwscm,0.0,134
36,AlphaBeta,ttc,0.0,265
36,ILP,ttvwscm,0.0,134
36,AlphaBeta,ttc,0.0,280
36,ILP,ttvwscm,19.175000000000004,132
36,AlphaBeta,ttc,5.0,60056
36,ILP,ttvwscm,32.25,214
36,AlphaBeta,ttc,4.0,60223
36,ILP,ttvwscm,0.0,188
36,AlphaBeta,ttc,0.0,1000
36,ILP,ttvwscm,10.4,197
36,AlphaBeta,ttc,2.0,19009
36,ILP,ttvwscm,4.425,209
36,AlphaBeta,ttc,0.0,1000
36,ILP,ttvwscm,0.0,209
36,AlphaBeta,ttc,1.0,10000
36,ILP,ttvwscm,11.375,256
36,AlphaBeta,ttc,0.0,1000
36,ILP,ttvwscm,0.0,278
36,AlphaBeta,ttc,2.0,60418
36,ILP,ttvwscm,10.450000000000001,431
37,AlphaBeta,ttv,33.0,4
37,ILP,ttv,27.0,78
37,AlphaBeta,ttv,0.0,1
37,ILP,ttv,0.0,73
37,AlphaBeta,ttv,0.0,1
37,ILP,ttv,0.0,80
37,AlphaBeta,ttv,0.0,1
37,ILP,ttv,0.0,77
37,AlphaBeta,ttv,0.0,0
37,ILP,ttv,11.0,75
37,AlphaBeta,ttv,46.0,2554
37,ILP,ttv,0.0,74
37,AlphaBeta,ttv,0.0,1
37,ILP,ttv,0.0,74
37,AlphaBeta,ttv,0.0,1
37,ILP,ttv,6.0,79
37,AlphaBeta,ttv,0.0,1
37,ILP,ttv,0.0,79
37,AlphaBeta,ttv,0.0,0
37,ILP,ttv,0.0,73
37,AlphaBeta,ttv,0.0,0
37,ILP,ttv,0.0,79
37,AlphaBeta,ttv,12.0,15
37,ILP,ttv,12.0,77
37,AlphaBeta,ttv,0.0,0
37,ILP,ttv,0.0,75
37,AlphaBeta,ttv,0.0,1
37,ILP,ttv,50.0,84
37,AlphaBeta,ttv,53.0,60131
37,ILP,ttv,13.0,76
37,AlphaBeta,ttv,20.0,259
37,ILP,ttv,0.0,75
37,AlphaBeta,ttv,0.0,3
37,ILP,ttv,0.0,75
37,AlphaBeta,ttv,0.0,3
37,ILP,ttv,0.0,82
37,AlphaBeta,ttv,0.0,3
37,ILP,ttv,1.0,83
37,AlphaBeta,ttv,8.0,655
37,ILP,ttv,0.0,76
37,AlphaBeta,ttv,0.0,2
37,ILP,ttv,0.0,76
37,AlphaBeta,ttv,0.0,2
37,ILP,ttv,30.0,84
37,AlphaBeta,ttv,15.0,38970
37,ILP,ttv,7.0,79
37,AlphaBeta,ttv,37.0,12424
37,ILP,ttv,6.0,85
37,AlphaBeta,ttv,17.0,547
37,ILP,ttv,7.0,79
37,AlphaBeta,ttv,0.0,22
37,ILP,ttv,0.0,79
37,AlphaBeta,ttv,19.0,4245
37,ILP,ttv,0.0,77
37,AlphaBeta,ttv,0.0,2
37,ILP,ttv,0.0,78
37,AlphaBeta,ttv,3.0,60107
37,ILP,ttv,7.0,85
37,AlphaBeta,ttv,10.0,27
37,ILP,ttv,0.0,82
37,AlphaBeta,ttv,0.0,28
37,ILP,ttv,7.0,103
37,AlphaBeta,ttv,5.0,3230
37,ILP,ttv,1.0,91
37,AlphaBeta,ttv,9.0,55748
37,ILP,ttv,0.0,93
37,AlphaBeta,ttv,0.0,645
37,ILP,ttv,13.999999999999998,98
37,AlphaBeta,ttv,0.0,52
37,ILP,ttv,0.0,102
37,AlphaBeta,ttv,16.0,1552
37,ILP,ttv,13.0,102
37,AlphaBeta,ttv,16.0,7014
37,ILP,ttv,0.0,103
37,AlphaBeta,ttv,0.0,28
37,ILP,ttv,13.0,108
37,AlphaBeta,ttv,16.0,3009
37,ILP,ttv,0.0,102
37,AlphaBeta,ttv,0.0,1000
37,ILP,ttv,8.0,105
37,AlphaBeta,ttv,8.0,14000
37,ILP,ttv,2.0,122
37,AlphaBeta,ttv,4.0,4000
37,ILP,ttv,0.0,128
37,AlphaBeta,ttv,0.0,1000
37,ILP,ttv,0.0,105
37,AlphaBeta,ttv,13.0,20000
37,ILP,ttv,19.0,156
38,AlphaBeta,ttv,70.0,60334
38,ILP,ttcwscm,11.025,131
38,AlphaBeta,ttv,10.0,19000
38,ILP,ttcwscm,0.0,130
38,AlphaBeta,ttv,0.0,1000
38,ILP,ttcwscm,0.0,134
38,AlphaBeta,ttv,0.0,1000
38,ILP,ttcwscm,2.1,137
38,AlphaBeta,ttv,26.0,59140
38,ILP,ttcwscm,0.0,127
38,AlphaBeta,ttv,0.0,69
38,ILP,ttcwscm,0.0,142
38,AlphaBeta,ttv,0.0,115
38,ILP,ttcwscm,3.2,181
38,AlphaBeta,ttv,0.0,123
38,ILP,ttcwscm,0.0,184
38,AlphaBeta,ttv,28.0,60006
38,ILP,ttcwscm,1.225,199
38,AlphaBeta,ttv,0.0,122
38,ILP,ttcwscm,0.0,199
38,AlphaBeta,ttv,0.0,122
38,ILP,ttcwscm,0.0,191
38,AlphaBeta,ttv,0.0,168
38,ILP,ttcwscm,0.0,211
38,AlphaBeta,ttv,0.0,103
38,ILP,ttcwscm,0.0,234
38,AlphaBeta,ttv,15.0,60017
38,ILP,ttcwscm,3.225,303
38,AlphaBeta,ttv,25.0,13108
38,ILP,ttcwscm,1.2000000000000002,302
38,AlphaBeta,ttv,0.0,1000
38,ILP,ttcwscm,0.0,300
38,AlphaBeta,ttv,11.0,4083
38,ILP,ttcwscm,2.2000000000000006,421
38,AlphaBeta,ttv,0.0,790
38,ILP,ttcwscm,0.0,389
38,AlphaBeta,ttv,10.0,4647
38,ILP,ttcwscm,1.3250000000000002,416
38,AlphaBeta,ttv,0.0,116
38,ILP,ttcwscm,0.0,410
38,AlphaBeta,ttv,0.0,94
38,ILP,ttcwscm,2.3000000000000003,588
39,AlphaBeta,ttv,39.0,6624
39,ILP,ttvwscm,73.025,127
39,AlphaBeta,ttv,26.0,18
39,ILP,ttvwscm,0.0,145
39,AlphaBeta,ttv,0.0,9
39,ILP,ttvwscm,0.0,126
39,AlphaBeta,ttv,0.0,6
39,ILP,ttvwscm,0.0,141
39,AlphaBeta,ttv,0.0,8
39,ILP,ttvwscm,30.05,133
39,AlphaBeta,ttv,26.0,29
39,ILP,ttvwscm,0.0,141
39,AlphaBeta,ttv,0.0,0
39,ILP,ttvwscm,3.125,126
39,AlphaBeta,ttv,0.0,1
39,ILP,ttvwscm,0.0,138
39,AlphaBeta,ttv,0.0,1
39,ILP,ttvwscm,0.0,141
39,AlphaBeta,ttv,0.0,1
39,ILP,ttvwscm,0.0,147
39,AlphaBeta,ttv,0.0,2
39,ILP,ttvwscm,0.0,139
39,AlphaBeta,ttv,18.0,3
39,ILP,ttvwscm,6.175000000000001,250
39,AlphaBeta,ttv,0.0,1
39,ILP,ttvwscm,0.0,152
39,AlphaBeta,ttv,8.0,44
39,ILP,ttvwscm,0.0,141
39,AlphaBeta,ttv,0.0,1
39,ILP,ttvwscm,0.0,128
39,AlphaBeta,ttv,18.0,17
39,ILP,ttvwscm,22.175,155
39,AlphaBeta,ttv,29.0,94
39,ILP,ttvwscm,12.200000000000001,150
39,AlphaBeta,ttv,0.0,1
39,ILP,ttvwscm,0.0,144
39,AlphaBeta,ttv,9.0,12
39,ILP,ttvwscm,10.25,194
39,AlphaBeta,ttv,0.0,4
39,ILP,ttvwscm,0.0,175
39,AlphaBeta,ttv,13.0,7591
39,ILP,ttvwscm,1.2750000000000001,175
39,AlphaBeta,ttv,2.0,715
39,ILP,ttvwscm,0.0,175
39,AlphaBeta,ttv,0.0,25
39,ILP,ttvwscm,47.275,509
39,AlphaBeta,ttv,17.0,6251
39,ILP,ttvwscm,18.225000000000005,624
39,AlphaBeta,ttv,0.0,11
39,ILP,ttvwscm,0.0,571
39,AlphaBeta,ttv,14.0,19632
39,ILP,ttvwscm,18.325000000000003,689
39,AlphaBeta,ttv,0.0,119
39,ILP,ttvwscm,0.0,612
39,AlphaBeta,ttv,0.0,128
39,ILP,ttvwscm,10.375,608
39,AlphaBeta,ttv,23.0,7482
39,ILP,ttvwscm,0.0,623
39,AlphaBeta,ttv,10.0,60981
39,ILP,ttvwscm,11.4,869
39,AlphaBeta,ttv,25.0,13215
39,ILP,ttvwscm,4.3,881
40,AlphaBeta,ttcwscm,9.0,17166
40,ILP,ttcwscm,1.05,130
40,AlphaBeta,ttcwscm,1.0499999999999998,53
40,ILP,ttcwscm,0.0,142
40,AlphaBeta,ttcwscm,0.0,12
40,ILP,ttcwscm,3.075,131
40,AlphaBeta,ttcwscm,0.0,14
40,ILP,ttcwscm,0.0,176
40,AlphaBeta,ttcwscm,0.0,12
40,ILP,ttcwscm,0.0,130
40,AlphaBeta,ttcwscm,0.0,12
40,ILP,ttcwscm,0.0,148
40,AlphaBeta,ttcwscm,0.0,14
40,ILP,ttcwscm,3.1,130
40,AlphaBeta,ttcwscm,1.0999999999999996,3167
40,ILP,ttcwscm,0.0,129
40,AlphaBeta,ttcwscm,0.0,626
40,ILP,ttcwscm,2.1,128
40,AlphaBeta,ttcwscm,0.0,71
40,ILP,ttcwscm,0.0,140
40,AlphaBeta,ttcwscm,0.0,70
40,ILP,ttcwscm,1.125,138
40,AlphaBeta,ttcwscm,3.1499999999999995,11036
40,ILP,ttcwscm,1.1,130
40,AlphaBeta,ttcwscm,0.0,3
40,ILP,ttcwscm,0.0,147
40,AlphaBeta,ttcwscm,0.0,4
40,ILP,ttcwscm,1.175,131
40,AlphaBeta,ttcwscm,3.1999999999999993,380
40,ILP,ttcwscm,1.2000000000000002,134
40,AlphaBeta,ttcwscm,0.0,163
40,ILP,ttcwscm,0.0,132
40,AlphaBeta,ttcwscm,3.224999999999999,6514
40,ILP,ttcwscm,1.225,134
40,AlphaBeta,ttcwscm,0.0,808
40,ILP,ttcwscm,0.0,133
40,AlphaBeta,ttcwscm,0.0,799
40,ILP,ttcwscm,3.25,133
40,AlphaBeta,ttcwscm,0.0,836
40,ILP,ttcwscm,0.0,133
40,AlphaBeta,ttcwscm,0.0,832
40,ILP,ttcwscm,0.0,133
40,AlphaBeta,ttcwscm,1.2499999999999991,2587
40,ILP,ttcwscm,1.225,134
40,AlphaBeta,ttcwscm,1.274999999999999,109
40,ILP,ttcwscm,0.0,137
40,AlphaBeta,ttcwscm,0.0,3
40,ILP,ttcwscm,3.325,141
40,AlphaBeta,ttcwscm,0.0,5
40,ILP,ttcwscm,0.0,136
40,AlphaBeta,ttcwscm,0.0,2
40,ILP,ttcwscm,1.3250000000000002,149
40,AlphaBeta,ttcwscm,0.0,11
40,ILP,ttcwscm,0.0,139
40,AlphaBeta,ttcwscm,3.324999999999999,1397
40,ILP,ttcwscm,1.2750000000000001,140
40,AlphaBeta,ttcwscm,1.3499999999999988,29006
40,ILP,ttcwscm,0.0,143
40,AlphaBeta,ttcwscm,0.0,1000
40,ILP,ttcwscm,1.35,141
40,AlphaBeta,ttcwscm,4.400000000000006,18192
40,ILP,ttcwscm,0.0,220
40,AlphaBeta,ttcwscm,0.0,912
40,ILP,ttcwscm,2.4000000000000004,207
40,AlphaBeta,ttcwscm,1.4249999999999985,4300
40,ILP,ttcwscm,0.0,232
40,AlphaBeta,ttcwscm,0.0,320
40,ILP,ttcwscm,3.4250000000000003,341
40,AlphaBeta,ttcwscm,0.0,595
40,ILP,ttcwscm,0.0,347
40,AlphaBeta,ttcwscm,0.0,1000
40,ILP,ttcwscm,1.4500000000000002,353
40,AlphaBeta,ttcwscm,0.0,1000
40,ILP,ttcwscm,0.0,346
40,AlphaBeta,ttcwscm,1.3999999999999986,60209
40,ILP,ttcwscm,3.3000000000000003,453
41,AlphaBeta,ttcwscm,9.0,60429
41,ILP,ttvwscm,99.025,151
41,AlphaBeta,ttcwscm,0.0,3
41,ILP,ttvwscm,0.0,162
41,AlphaBeta,ttcwscm,2.05,37414
41,ILP,ttvwscm,8.1,174
41,AlphaBeta,ttcwscm,0.0,3
41,ILP,ttvwscm,0.0,187
41,AlphaBeta,ttcwscm,1.1249999999999996,1529
41,ILP,ttvwscm,12.125,167
41,AlphaBeta,ttcwscm,0.0,3
41,ILP,ttvwscm,0.0,175
41,AlphaBeta,ttcwscm,0.0,2
41,ILP,ttvwscm,18.150000000000002,177
41,AlphaBeta,ttcwscm,2.1749999999999994,19
41,ILP,ttvwscm,1.175,214
41,AlphaBeta,ttcwscm,0.0,1
41,ILP,ttvwscm,0.0,208
41,AlphaBeta,ttcwscm,1.1999999999999993,60772
41,ILP,ttvwscm,14.200000000000001,220
41,AlphaBeta,ttcwscm,0.0,5
41,ILP,ttvwscm,0.0,220
41,AlphaBeta,ttcwscm,0.0,2
41,ILP,ttvwscm,9.225,217
41,AlphaBeta,ttcwscm,0.0,8
41,ILP,ttvwscm,0.0,220
41,AlphaBeta,ttcwscm,0.0,9
41,ILP,ttvwscm,0.0,224
41,AlphaBeta,ttcwscm,2.1749999999999994,58496
41,ILP,ttvwscm,12.225000000000001,283
41,AlphaBeta,ttcwscm,1.2499999999999991,462
41,ILP,ttvwscm,0.0,276
41,AlphaBeta,ttcwscm,0.0,116
41,ILP,ttvwscm,0.0,285
41,AlphaBeta,ttcwscm,1.2499999999999991,14003
41,ILP,ttvwscm,7.25,417
41,AlphaBeta,ttcwscm,0.0,1000
41,ILP,ttvwscm,0.0,400
41,AlphaBeta,ttcwscm,2.249999999999999,11000
41,ILP,ttvwscm,1.2750000000000015,468
41,AlphaBeta,ttcwscm,1.2249999999999992,1301
41,ILP,ttvwscm,0.0,490
41,AlphaBeta,ttcwscm,0.0,117
41,ILP,ttvwscm,1.3,474
41,AlphaBeta,ttcwscm,0.0,1000
41,ILP,ttvwscm,0.0,476
41,AlphaBeta,ttcwscm,1.299999999999999,8000
41,ILP,ttvwscm,25.150000000000006,550
41,AlphaBeta,ttcwscm,1.3249999999999988,3000
41,ILP,ttvwscm,2.225,562
41,AlphaBeta,ttcwscm,2.3499999999999988,25144
41,ILP,ttvwscm,0.0,595
41,AlphaBeta,ttcwscm,0.0,1000
41,ILP,ttvwscm,4.375,631
41,AlphaBeta,ttcwscm,1.3749999999999987,4000
41,ILP,ttvwscm,0.0,638
41,AlphaBeta,ttcwscm,0.0,1000
41,ILP,ttvwscm,0.0,630
41,AlphaBeta,ttcwscm,1.3249999999999988,60947
41,ILP,ttvwscm,16.325000000000003,1578
41,AlphaBeta,ttcwscm,1.3499999999999988,60891
42,AlphaBeta,ttvwscm,36.0,555
42,ILP,ttvwscm,48.025000000000006,127
42,AlphaBeta,ttvwscm,21.049999999999997,3
42,ILP,ttvwscm,0.0,142
42,AlphaBeta,ttvwscm,0.0,1
42,ILP,ttvwscm,0.0,131
42,AlphaBeta,ttvwscm,0.0,1
42,ILP,ttvwscm,0.0,139
42,AlphaBeta,ttvwscm,0.0,1
42,ILP,ttvwscm,15.075000000000001,133
42,AlphaBeta,ttvwscm,23.074999999999996,18
42,ILP,ttvwscm,0.0,140
42,AlphaBeta,ttvwscm,0.0,4
42,ILP,ttvwscm,24.125,129
42,AlphaBeta,ttvwscm,0.0,4
42,ILP,ttvwscm,0.0,142
42,AlphaBeta,ttvwscm,24.124999999999993,724
42,ILP,ttvwscm,7.125,128
42,AlphaBeta,ttvwscm,0.0,10
42,ILP,ttvwscm,0.0,147
42,AlphaBeta,ttvwscm,0.0,7
42,ILP,ttvwscm,0.0,128
42,AlphaBeta,ttvwscm,0.0,5
42,ILP,ttvwscm,0.0,142
42,AlphaBeta,ttvwscm,0.0,8
42,ILP,ttvwscm,0.0,129
42,AlphaBeta,ttvwscm,0.0,6
42,ILP,ttvwscm,32.1,160
42,AlphaBeta,ttvwscm,35.17499999999999,60522
42,ILP,ttvwscm,11.175,133
42,AlphaBeta,ttvwscm,18.19999999999999,19649
42,ILP,ttvwscm,0.0,133
42,AlphaBeta,ttvwscm,0.0,641
42,ILP,ttvwscm,7.15,134
42,AlphaBeta,ttvwscm,34.14999999999999,60677
42,ILP,ttvwscm,15.200000000000001,176
42,AlphaBeta,ttvwscm,19.19999999999999,8000
42,ILP,ttvwscm,0.0,150
42,AlphaBeta,ttvwscm,0.0,1000
42,ILP,ttvwscm,0.0,155
42,AlphaBeta,ttvwscm,0.0,1000
42,ILP,ttvwscm,0.0,145
42,AlphaBeta,ttvwscm,16.124999999999993,60012
42,ILP,ttvwscm,16.125,193
42,AlphaBeta,ttvwscm,6.300000000000004,18
42,ILP,ttvwscm,0.0,194
42,AlphaBeta,ttvwscm,0.0,6
42,ILP,ttvwscm,10.3,192
42,AlphaBeta,ttvwscm,0.0,124
42,ILP,ttvwscm,0.0,192
42,AlphaBeta,ttvwscm,0.0,63
42,ILP,ttvwscm,21.275000000000002,266
42,AlphaBeta,ttvwscm,47.32499999999998,60211
42,ILP,ttvwscm,0.0,234
42,AlphaBeta,ttvwscm,0.0,8
42,ILP,ttvwscm,2.35,256
42,AlphaBeta,ttvwscm,4.350000000000004,580
42,ILP,ttvwscm,0.0,260
42,AlphaBeta,ttvwscm,0.0,9
42,ILP,ttvwscm,0.0,271
42,AlphaBeta,ttvwscm,4.375000000000004,160
42,ILP,ttvwscm,23.3,280
42,AlphaBeta,ttvwscm,48.32499999999998,60392
42,ILP,ttvwscm,10.350000000000001,289
42,AlphaBeta,ttvwscm,19.424999999999976,460
42,ILP,ttvwscm,0.0,282
42,AlphaBeta,ttvwscm,12.450000000000006,48147
42,ILP,ttvwscm,11.375,291
43,ILP,ttc,3.0,79
43,ILP,ttv,62.0,74
43,ILP,ttc,2.0,79
43,ILP,ttv,0.0,76
43,ILP,ttc,0.0,75
43,ILP,ttv,0.0,76
43,ILP,ttc,0.0,78
43,ILP,ttv,0.0,73
43,ILP,ttc,3.0,80
43,ILP,ttv,1.0,82
43,ILP,ttc,0.0,73
43,ILP,ttv,0.0,79
43,ILP,ttc,1.0,81
43,ILP,ttv,0.0,74
43,ILP,ttc,0.0,82
43,ILP,ttv,0.0,86
43,ILP,ttc,0.0,77
43,ILP,ttv,6.0,87
43,ILP,ttc,1.0,83
43,ILP,ttv,0.0,79
43,ILP,ttc,0.0,86
43,ILP,ttv,21.0,85
43,ILP,ttc,0.0,79
43,ILP,ttv,0.0,88
43,ILP,ttc,3.0,84
43,ILP,ttv,25.0,87
43,ILP,ttc,2.0,89
43,ILP,ttv,0.0,90
43,ILP,ttc,0.0,80
43,ILP,ttv,21.0,103
43,ILP,ttc,1.0,92
43,ILP,ttv,0.0,80
43,ILP,ttc,0.0,99
43,ILP,ttv,0.0,141
43,ILP,ttc,2.0,134
43,ILP,ttv,7.0,154
43,ILP,ttc,0.0,115
43,ILP,ttv,0.0,118
43,ILP,ttc,1.0,99
43,ILP,ttv,21.0,155
43,ILP,ttc,0.0,123
43,ILP,ttv,0.0,124
43,ILP,ttc,1.0,120
43,ILP,ttv,39.0,551
43,ILP,ttc,0.0,370
43,ILP,ttv,0.0,344
43,ILP,ttc,1.0,351
43,ILP,ttv,1.9999999999999991,360
43,ILP,ttc,0.0,368
43,ILP,ttv,0.0,349
43,ILP,ttc,0.0,368
43,ILP,ttv,0.0,351
43,ILP,ttc,2.0,432
43,ILP,ttv,0.0,448
43,ILP,ttc,0.0,433
43,ILP,ttv,46.0,616
43,ILP,ttc,0.0,458
43,ILP,ttv,0.0,449
43,ILP,ttc,3.0,916
43,ILP,ttv,0.0,607
43,ILP,ttc,0.0,472
43,ILP,ttv,16.0,880
43,ILP,ttc,3.0,1171
43,ILP,ttv,0.0,1011
43,ILP,ttc,0.0,1034
43,ILP,ttv,12.000000000000002,1293
43,ILP,ttc,3.0,1456
44,ILP,ttc,6.000000000000001,83
44,ILP,ttcwscm,0.0,151
44,ILP,ttc,0.0,82
44,ILP,ttcwscm,3.0500000000000003,145
44,ILP,ttc,0.0,89
44,ILP,ttcwscm,0.0,147
44,ILP,ttc,0.0,84
44,ILP,ttcwscm,0.0,148
44,ILP,ttc,0.0,87
44,ILP,ttcwscm,3.05,148
44,ILP,ttc,0.0,96
44,ILP,ttcwscm,0.0,154
44,ILP,ttc,0.0,97
44,ILP,ttcwscm,3.075,160
44,ILP,ttc,3.0,105
44,ILP,ttcwscm,3.125,177
44,ILP,ttc,0.0,116
44,ILP,ttcwscm,0.0,176
44,ILP,ttc,3.0,129
44,ILP,ttcwscm,0.0,191
44,ILP,ttc,0.0,285
44,ILP,ttcwscm,0.0,253
44,ILP,ttc,0.0,183
44,ILP,ttcwscm,0.0,281
44,ILP,ttc,0.0,131
44,ILP,ttcwscm,0.0,204
44,ILP,ttc,0.0,185
44,ILP,ttcwscm,0.0,202
44,ILP,ttc,0.0,200
44,ILP,ttcwscm,0.0,209
44,ILP,ttc,0.0,231
44,ILP,ttcwscm,0.0,226
44,ILP,ttc,4.0,239
44,ILP,ttcwscm,3.2,310
44,ILP,ttc,5.0,329
44,ILP,ttcwscm,1.25,260
44,ILP,ttc,0.0,295
44,ILP,ttcwscm,0.0,311
44,ILP,ttc,0.0,288
44,ILP,ttcwscm,0.0,261
44,ILP,ttc,1.0,320
44,ILP,ttcwscm,4.2,388
44,ILP,ttc,1.0,341
44,ILP,ttcwscm,2.3000000000000003,383
44,ILP,ttc,0.0,300
44,ILP,ttcwscm,0.0,481
44,ILP,ttc,1.0,181
44,ILP,ttcwscm,3.35,425
44,ILP,ttc,1.0,373
44,ILP,ttcwscm,1.3,843
44,ILP,ttc,0.0,462
44,ILP,ttcwscm,0.0,966
44,ILP,ttc,2.0,385
44,ILP,ttcwscm,2.325,627
44,ILP,ttc,2.0,436
44,ILP,ttcwscm,0.0,549
44,ILP,ttc,0.0,431
44,ILP,ttcwscm,0.0,581
44,ILP,ttc,0.0,132
44,ILP,ttcwscm,1.4500000000000002,575
44,ILP,ttc,1.0,127
44,ILP,ttcwscm,3.4000000000000004,1010
45,ILP,ttc,0.0,73
45,ILP,ttvwscm,59.0,151
45,ILP,ttc,2.0,80
45,ILP,ttvwscm,8.025,145
45,ILP,ttc,0.0,81
45,ILP,ttvwscm,0.0,133
45,ILP,ttc,3.0,80
45,ILP,ttvwscm,0.0,131
45,ILP,ttc,0.0,82
45,ILP,ttvwscm,5.075,138
45,ILP,ttc,6.0,84
45,ILP,ttvwscm,0.0,133
45,ILP,ttc,0.0,80
45,ILP,ttvwscm,0.0,133
45,ILP,ttc,0.0,86
45,ILP,ttvwscm,5.125,135
45,ILP,ttc,1.0,84
45,ILP,ttvwscm,0.0,134
45,ILP,ttc,0.0,81
45,ILP,ttvwscm,0.0,137
45,ILP,ttc,2.0,87
45,ILP,ttvwscm,24.075000000000003,178
45,ILP,ttc,0.0,78
45,ILP,ttvwscm,0.0,134
45,ILP,ttc,2.0,116
45,ILP,ttvwscm,7.125,176
45,ILP,ttc,0.0,111
45,ILP,ttvwscm,0.0,170
45,ILP,ttc,0.0,114
45,ILP,ttvwscm,36.225,404
45,ILP,ttc,4.0,394
45,ILP,ttvwscm,2.25,230
45,ILP,ttc,1.0,161
45,ILP,ttvwscm,0.0,267
45,ILP,ttc,0.0,150
45,ILP,ttvwscm,0.0,271
45,ILP,ttc,1.0,316
45,ILP,ttvwscm,11.200000000000001,363
45,ILP,ttc,0.0,217
45,ILP,ttvwscm,0.0,293
45,ILP,ttc,1.0,165
45,ILP,ttvwscm,6.300000000000001,318
45,ILP,ttc,0.0,212
45,ILP,ttvwscm,0.0,303
45,ILP,ttc,2.0,553
45,ILP,ttvwscm,0.0,679
45,ILP,ttc,0.0,538
45,ILP,ttvwscm,4.325,666
45,ILP,ttc,1.0,588
45,ILP,ttvwscm,6.375,702
45,ILP,ttc,0.0,538
45,ILP,ttvwscm,0.0,688
45,ILP,ttc,1.0,602
45,ILP,ttvwscm,0.0,785
45,ILP,ttc,0.0,569
45,ILP,ttvwscm,0.0,552
45,ILP,ttc,0.0,583
45,ILP,ttvwscm,23.225000000000005,887
45,ILP,ttc,1.0,720
45,ILP,ttvwscm,7.425000000000001,851
45,ILP,ttc,0.0,694
45,ILP,ttvwscm,0.0,834
45,ILP,ttc,2.0,682
45,ILP,ttvwscm,2.424999999999997,955
45,ILP,ttc,0.0,684
45,ILP,ttvwscm,0.0,1041
45,ILP,ttc,0.0,697
45,ILP,ttvwscm,0.0,945
45,ILP,ttc,3.0,682
46,ILP,ttv,0.0,75
46,ILP,ttcwscm,3.0,149
46,ILP,ttv,0.0,171
46,ILP,ttcwscm,0.0,214
46,ILP,ttv,15.0,95
46,ILP,ttcwscm,0.0,204
46,ILP,ttv,0.0,98
46,ILP,ttcwscm,0.0,186
46,ILP,ttv,30.0,76
46,ILP,ttcwscm,4.05,134
46,ILP,ttv,7.0,81
46,ILP,ttcwscm,2.075,134
46,ILP,ttv,0.0,79
46,ILP,ttcwscm,0.0,135
46,ILP,ttv,0.0,80
46,ILP,ttcwscm,0.0,134
46,ILP,ttv,0.0,82
46,ILP,ttcwscm,0.0,135
46,ILP,ttv,0.0,87
46,ILP,ttcwscm,0.0,146
46,ILP,ttv,0.0,89
46,ILP,ttcwscm,2.1,144
46,ILP,ttv,0.0,89
46,ILP,ttcwscm,0.0,142
46,ILP,ttv,0.0,127
46,ILP,ttcwscm,0.0,193
46,ILP,ttv,0.0,77
46,ILP,ttcwscm,2.1,141
46,ILP,ttv,21.0,83
46,ILP,ttcwscm,0.0,134
46,ILP,ttv,0.0,81
46,ILP,ttcwscm,3.1750000000000003,135
46,ILP,ttv,0.0,82
46,ILP,ttcwscm,0.0,132
46,ILP,ttv,0.0,81
46,ILP,ttcwscm,0.0,136
46,ILP,ttv,3.0,85
46,ILP,ttcwscm,0.0,137
46,ILP,ttv,0.0,185
46,ILP,ttcwscm,4.175,211
46,ILP,ttv,36.0,98
46,ILP,ttcwscm,2.25,218
46,ILP,ttv,0.0,107
46,ILP,ttcwscm,0.0,162
46,ILP,ttv,6.0,80
46,ILP,ttcwscm,0.0,139
46,ILP,ttv,0.0,83
46,ILP,ttcwscm,0.0,139
46,ILP,ttv,5.0,86
46,ILP,ttcwscm,0.0,141
46,ILP,ttv,0.0,86
46,ILP,ttcwscm,3.35,140
46,ILP,ttv,65.0,227
46,ILP,ttcwscm,4.3500000000000005,284
46,ILP,ttv,20.0,229
46,ILP,ttcwscm,0.0,329
46,ILP,ttv,0.0,223
46,ILP,ttcwscm,1.375,361
46,ILP,ttv,0.0,231
46,ILP,ttcwscm,0.0,362
46,ILP,ttv,1.0,253
46,ILP,ttcwscm,0.0,330
46,ILP,ttv,0.0,238
46,ILP,ttcwscm,2.4250000000000003,321
46,ILP,ttv,0.0,125
46,ILP,ttcwscm,0.0,178
46,ILP,ttv,4.0,119
46,ILP,ttcwscm,2.375,183
46,ILP,ttv,0.0,127
46,ILP,ttcwscm,0.0,223
46,ILP,ttv,15.0,131
46,ILP,ttcwscm,2.4000000000000004,215
47,ILP,ttv,27.0,194
47,ILP,ttvwscm,0.0,184
47,ILP,ttv,0.0,110
47,ILP,ttvwscm,12.025,184
47,ILP,ttv,9.0,107
47,ILP,ttvwscm,15.025,174
47,ILP,ttv,10.0,81
47,ILP,ttvwscm,11.05,133
47,ILP,ttv,0.0,76
47,ILP,ttvwscm,0.0,138
47,ILP,ttv,56.0,82
47,ILP,ttvwscm,6.075,143
47,ILP,ttv,7.0,78
47,ILP,ttvwscm,7.050000000000001,144
47,ILP,ttv,0.0,77
47,ILP,ttvwscm,0.0,140
47,ILP,ttv,0.0,78
47,ILP,ttvwscm,0.0,142
47,ILP,ttv,0.0,78
47,ILP,ttvwscm,0.0,138
47,ILP,ttv,9.0,75
47,ILP,ttvwscm,56.0,152
47,ILP,ttv,9.0,78
47,ILP,ttvwscm,0.0,137
47,ILP,ttv,0.0,78
47,ILP,ttvwscm,26.1,157
47,ILP,ttv,0.0,91
47,ILP,ttvwscm,0.0,140
47,ILP,ttv,13.0,89
47,ILP,ttvwscm,0.0,145
47,ILP,ttv,0.0,89
47,ILP,ttvwscm,12.15,149
47,ILP,ttv,15.0,109
47,ILP,ttvwscm,2.2,163
47,ILP,ttv,1.0,227
47,ILP,ttvwscm,0.0,231
47,ILP,ttv,0.0,142
47,ILP,ttvwscm,42.224999999999994,466
47,ILP,ttv,0.0,333
47,ILP,ttvwscm,0.0,399
47,ILP,ttv,22.000000000000004,504
47,ILP,ttvwscm,17.150000000000002,505
48,ILP,ttcwscm,7.0,136
48,ILP,ttvwscm,37.025,157
48,ILP,ttcwscm,0.0,135
48,ILP,ttvwscm,0.0,153
48,ILP,ttcwscm,3.075,139
48,ILP,ttvwscm,0.0,159
48,ILP,ttcwscm,0.0,136
48,ILP,ttvwscm,0.0,160
48,ILP,ttcwscm,3.075,141
48,ILP,ttvwscm,35.075,172
48,ILP,ttcwscm,0.0,157
48,ILP,ttvwscm,0.0,174
48,ILP,ttcwscm,0.0,166
48,ILP,ttvwscm,0.0,179
48,ILP,ttcwscm,2.15,186
48,ILP,ttvwscm,27.175,226
48,ILP,ttcwscm,0.0,229
48,ILP,ttvwscm,0.0,212
48,ILP,ttcwscm,0.0,254
48,ILP,ttvwscm,0.0,222
48,ILP,ttcwscm,1.2000000000000002,501
48,ILP,ttvwscm,0.0,399
48,ILP,ttcwscm,0.0,303
48,ILP,ttvwscm,0.0,277
48,ILP,ttcwscm,1.2000000000000002,331
48,ILP,ttvwscm,25.075000000000003,401
48,ILP,ttcwscm,3.1750000000000007,526
48,ILP,ttvwscm,0.0,409
48,ILP,ttcwscm,0.0,399
48,ILP,ttvwscm,7.2250000000000005,389
48,ILP,ttcwscm,0.0,443
48,ILP,ttvwscm,0.0,392
48,ILP,ttcwscm,2.2500000000000004,701
48,ILP,ttvwscm,11.225000000000009,845
48,ILP,ttcwscm,0.0,585
48,ILP,ttvwscm,0.0,545
48,ILP,ttcwscm,2.225,589
